time_s,left_shoulder_x,left_shoulder_y,left_shoulder_confidence,right_shoulder_x,right_shoulder_y,right_shoulder_confidence,left_hip_x,left_hip_y,left_hip_confidence,right_hip_x,right_hip_y,right_hip_confidence,left_wrist_x,left_wrist_y,left_wrist_confidence,right_wrist_x,right_wrist_y,right_wrist_confidence,left_elbow_x,left_elbow_y,left_elbow_confidence,right_elbow_x,right_elbow_y,right_elbow_confidence,left_index_x,left_index_y,left_index_confidence,right_index_x,right_index_y,right_index_confidence
0.0,0.7035218668572697,0.40500624291598797,1.0,0.272943546006709,0.4078556581710776,1.0,0.587012438862412,0.7953761328632634,1.0,0.33879670096032416,0.791102009980629,1.0,0.75164532624645,0.7797043489602704,1.0,0.19695913644484542,0.7768549337051809,1.0,0.7491125125943879,0.6030406031447153,1.0,0.212156018357218,0.597341772634536,1.0,0.7465796989423256,0.8523644379650552,1.0,0.191893509140721,0.8480903150824208,1.0
0.04166666666666667,0.7030932756117834,0.4054149929434061,1.0,0.27284702253930365,0.40826221089810133,1.0,0.5866737012509946,0.7940602437593043,1.0,0.3386493906562712,0.7897894168272614,1.0,0.7511796215434132,0.7798241539858282,1.0,0.1994520734857631,0.7784005450084805,1.0,0.7486487612312224,0.6018730318173766,1.0,0.21210637504671817,0.5976022048853338,1.0,0.7461179009190312,0.8524282118305564,1.0,0.1969212131735721,0.8481573848985136,1.0
0.08333333333333334,0.7026864304954624,0.4059250932186842,1.0,0.2753882043891483,0.40734731359407306,1.0,0.5863804044546903,0.7941912556998432,1.0,0.3411263930208889,0.7899245945736766,1.0,0.750725876034042,0.7799690519459546,1.0,0.1995364482756015,0.7771246111951768,1.0,0.7481974841635906,0.602191505022347,1.0,0.21217840762785933,0.5979248438961804,1.0,0.7456690922931387,0.8525022910907865,1.0,0.19700805640514987,0.8482356299646199,1.0
0.125,0.7021741734610664,0.40652531757950783,1.0,0.27533163461420274,0.4079460212960839,1.0,0.5859921806388431,0.794377432204783,1.0,0.3409997175137202,0.7901153210550547,1.0,0.7501623878876368,0.780170395039022,1.0,0.19956076973014408,0.7773289876058698,1.0,0.7476366923915015,0.6011617267504334,1.0,0.21218924721082053,0.5968996156007051,1.0,0.7476366923915015,0.852626284584403,1.0,0.19956076973014408,0.8455227660015225,1.0
0.16666666666666669,0.7017140947742226,0.40652444663768017,1.0,0.27588555879063076,0.40794177539646626,1.0,0.5858081027313514,0.7934551977862914,1.0,0.34139764124964483,0.787785882751147,1.0,0.7495883088788867,0.7806992389572163,1.0,0.20029469441484535,0.7764472526808579,1.0,0.7495883088788867,0.6006984865913789,1.0,0.21289317181080947,0.5964465003150206,1.0,0.747068613399694,0.8515656768965225,1.0,0.20029469441484535,0.845896361861378,1.0
0.20833333333333334,0.7019466353051457,0.4063965155122181,1.0,0.27600810262891984,0.407814210280776,1.0,0.5860107033341018,0.7948448820970953,1.0,0.3415371076560315,0.7891741030228634,1.0,0.7498332159018811,0.7806679344115157,1.0,0.2003977122130218,0.7749971553372841,1.0,0.7498332159018811,0.6006206988046567,1.0,0.21299944394900472,0.5963676144989829,1.0,0.7473128695546846,0.8515526728394132,1.0,0.19787736586582522,0.8458818937651813,1.0
0.25,0.7019560734430949,0.40667774621397257,1.0,0.27616842091083527,0.40809493884444237,1.0,0.5860612094402313,0.7935713343322277,1.0,0.34167421360810596,0.7879025638103485,1.0,0.7523451447486877,0.7808166006579995,1.0,0.20058481395244598,0.7751478301361203,1.0,0.7498256911834081,0.5994159439578652,1.0,0.2131820817788442,0.5965815586969256,1.0,0.7473062376181284,0.8516762321814895,1.0,0.19806536038716635,0.8460074616596103,1.0
0.2916666666666667,0.7031488374427514,0.40552763920277357,1.0,0.2736480440254565,0.40976613387465477,1.0,0.5850989117666529,0.7968819805731377,1.0,0.3389522582292557,0.7912306543439627,1.0,0.7533828483687507,0.7785151703283191,1.0,0.20080872818275747,0.7756895072137318,1.0,0.7483594472761508,0.5990855625520148,1.0,0.21336723091425705,0.5976727309947214,1.0,0.7483594472761508,0.8505695797502995,1.0,0.1957853270901574,0.8449182535211244,1.0
0.33333333333333337,0.7034766497435394,0.40543138049542904,1.0,0.27397047700705357,0.409669928252697,1.0,0.5854252455411135,0.7953777741640806,1.0,0.3392755091190338,0.7911392264068127,1.0,0.751199557825371,0.777010733882586,1.0,0.20113024888215256,0.7741850353777409,1.0,0.751199557825371,0.5961660295724869,1.0,0.21368890890368697,0.5947531803200641,1.0,0.7486878258210642,0.8490660457561412,1.0,0.19359505286923154,0.8448274979988732,1.0
0.375,0.7060436499707491,0.40660822996869683,1.0,0.27753771602371596,0.4080177890136838,1.0,0.5857612825470208,0.7956465263850987,1.0,0.3401847823902414,0.7914178492501378,1.0,0.7511495377546473,0.7759126997552812,1.0,0.19985535372922453,0.7730935816653073,1.0,0.7511495377546473,0.5954891419969499,1.0,0.21238476700252956,0.592670023906976,1.0,0.7486436550999866,0.8463906520046294,1.0,0.19233770576524142,0.8421619748696685,1.0
0.4166666666666667,0.7069796682507903,0.40515432662020134,1.0,0.2743158136253005,0.40935042003790545,1.0,0.587624122147207,0.7967897122725844,1.0,0.3414533083085662,0.7925936188548803,1.0,0.751737998039634,0.7716131517663598,1.0,0.19971859731056066,0.7702144539604583,1.0,0.7542245719167922,0.5925798326109848,1.0,0.21215146669635074,0.5925798326109848,1.0,0.7492514241624763,0.8443454376732311,1.0,0.1922588756790869,0.840149344255527,1.0
0.45833333333333337,0.7047950632778215,0.4038030758189659,1.0,0.2735661580974672,0.4094115444459021,1.0,0.5876403896161067,0.7935916453910372,1.0,0.3433604317682762,0.789385293920835,1.0,0.7496628106376271,0.768353536569824,1.0,0.19878657916445797,0.7669514194130898,1.0,0.757140768530928,0.590284657664597,1.0,0.20875718968885928,0.5888825405078628,1.0,0.7496628106376271,0.8412636287199953,1.0,0.19130862127115694,0.8356551600930593,1.0
0.5,0.7075954848601493,0.4047963875345886,1.0,0.2723635736806893,0.41039222618564963,1.0,0.5882175892223547,0.7909092544578016,1.0,0.34200067946940294,0.7895102947950363,1.0,0.7498751562318685,0.7643290208652616,1.0,0.19775238890706762,0.7601321418769658,1.0,0.7598233142016846,0.586661143694073,1.0,0.20770054687688383,0.5880601033568382,1.0,0.7498751562318685,0.83567596366629,1.0,0.1902912704297053,0.8286811653524637,1.0
0.5416666666666667,0.7105963925520579,0.4055884312838316,1.0,0.27230645881758797,0.40979078505188227,1.0,0.586082206832038,0.7894034087657928,1.0,0.34452468653519946,0.7880026241764426,1.0,0.7504409319824643,0.7557845786213875,1.0,0.19510766367117563,0.7543837940320373,1.0,0.7628923505544662,0.5848888587206602,1.0,0.20506879852877724,0.5820872895419598,1.0,0.7454603645536635,0.8272245926782489,1.0,0.18763681252797446,0.8174191005527973,1.0
0.5833333333333334,0.7094674794762224,0.40392977744340897,1.0,0.2698067007241427,0.4095504408081372,1.0,0.5820657765423809,0.7931607154508433,1.0,0.342250806313974,0.7903503837684789,1.0,0.7494366411809568,0.7481954085330167,1.0,0.18986837731467354,0.7467902426918349,1.0,0.7669231494267782,0.5781703417499862,1.0,0.19986066774085703,0.5767651759088039,1.0,0.746938568574411,0.8170485347509384,1.0,0.18737030470812777,0.8072123738626638,1.0
0.625,0.7099814817861275,0.40477873353908467,1.0,0.26991475842617163,0.41037280205637217,1.0,0.585668848068626,0.7893709441026053,1.0,0.3445023386566728,0.7865739098439612,1.0,0.752247777250078,0.7376258103176951,1.0,0.18538216749827066,0.7362272931883731,1.0,0.7696515459705283,0.5726007890577116,1.0,0.19532717819567066,0.57120227192839,1.0,0.747275271901378,0.804754632525146,1.0,0.18538216749827066,0.7949650126198926,1.0
0.6666666666666667,0.7108920525621484,0.40500209325303627,1.0,0.2683781297118575,0.40915066127975774,1.0,0.5879715184370676,0.7852874957025051,1.0,0.34458886086940765,0.7825217836846909,1.0,0.752685034164676,0.7258246873194971,1.0,0.18233375582430097,0.7272075433284044,1.0,0.7748107303071906,0.5667962462951739,1.0,0.18970898787180582,0.5640305342773597,1.0,0.7477682127996726,0.7922017757470408,1.0,0.18725057718930435,0.7825217836846909,1.0
0.7083333333333334,0.712404332779072,0.40414719500889384,1.0,0.2672947661744224,0.40974214766174555,1.0,0.5855854059810992,0.7832052372395992,1.0,0.344380780502602,0.7818064990763862,1.0,0.7546773083783963,0.7146670672421653,1.0,0.18026216935228412,0.7160658054053783,1.0,0.7770571189898033,0.5622046074519553,1.0,0.18772210622275332,0.5580083929623165,1.0,0.742244080260948,0.7762115464235346,1.0,0.18523546059926352,0.7692178556074698,1.0
0.75,0.7134226803426389,0.40428545884788036,1.0,0.26966256455138865,0.40989478615423036,1.0,0.5862779280653707,0.7843173838530979,1.0,0.3444535953027231,0.7829150520265102,1.0,0.7533112300766839,0.701579806084434,1.0,0.17742029329140982,0.7057868015641966,1.0,0.7832276423772176,0.5571396279459198,1.0,0.18489939636654323,0.5529326324661572,1.0,0.7333669552096614,0.7590754109745226,1.0,0.18988546508329898,0.75486841549476,1.0
0.7916666666666667,0.7111334966288673,0.40371278425057733,1.0,0.26416534406167475,0.4121876017500957,1.0,0.5880917018210448,0.7893169804786642,1.0,0.3495412833160824,0.7864920413121581,1.0,0.7513104092191766,0.6862067009011905,1.0,0.1787894048072673,0.6946815184007089,1.0,0.7839541506988031,0.550609620908896,1.0,0.18381151888105604,0.5491971513256431,1.0,0.7312219529240218,0.7412930146480601,1.0,0.19636680406552762,0.7384680754815538,1.0
0.8333333333333334,0.713581297132704,0.40383892180398107,1.0,0.26541756406242456,0.4109201608225703,1.0,0.5902103818493126,0.786225828807801,1.0,0.3485040988451169,0.7819770853966475,1.0,0.7488301300708158,0.671509756706655,1.0,0.17729548171714488,0.6842559869401157,1.0,0.7840789630089279,0.5454637021757662,1.0,0.18233102927973238,0.5426312065683305,1.0,0.7286879398204662,0.7210784298367798,1.0,0.1999554457487882,0.7210784298367798,1.0
0.8750000000000001,0.7112768557336595,0.4043089523911476,1.0,0.26256951358583236,0.40991779416799545,1.0,0.589128745926751,0.7829057723283768,1.0,0.34732534488042194,0.7801013514399529,1.0,0.7486691342459785,0.6525002010166645,1.0,0.1778136822912428,0.6721311472356319,1.0,0.7835685941908095,0.5417255759239197,1.0,0.18279931942621866,0.5375189445912838,1.0,0.7262337671385871,0.6959687247872353,1.0,0.2027418679661221,0.7071864083409309,1.0
0.9166666666666667,0.7090666001593626,0.4041519997020562,1.0,0.2649988642445316,0.40973385671774554,1.0,0.587506158484353,0.7781364197532334,1.0,0.3468661004746403,0.7767409554993114,1.0,0.7487598056042635,0.6357990658531585,1.0,0.1781699773338106,0.6581264939159155,1.0,0.7834913603685519,0.5395120323325198,1.0,0.18561245335472953,0.5339301753168304,1.0,0.7239515522012004,0.6664992794394493,1.0,0.22034400811901791,0.683244850486517,1.0
0.9583333333333334,0.7073201721097218,0.4035499766469002,1.0,0.26268467049539823,0.41061515966430306,1.0,0.586741053027871,0.7794177131727338,1.0,0.34809487984504234,0.7765916399657726,1.0,0.7525373417654156,0.6169185037724674,1.0,0.18229859110749796,0.6409401260316372,1.0,0.7851941865167499,0.5363754173740745,1.0,0.18481065608837,0.5293102343566716,1.0,0.7148563670523375,0.6409401260316372,1.0,0.23505195570580759,0.6508313822560012,1.0
1.0,0.7073793146345351,0.40285133942961693,1.0,0.2638385527663761,0.40855400636792183,1.0,0.5882569385899438,0.770673356950283,1.0,0.3474776678615146,0.7649706900119781,1.0,0.7555351687802209,0.6024446822702885,1.0,0.190337512228224,0.6238296832889318,1.0,0.7884839110904269,0.5368640124797821,1.0,0.18273395631048414,0.5283100120723248,1.0,0.7149828705522749,0.6138500161468983,1.0,0.23595884773466322,0.6281066834926605,1.0
1.0416666666666667,0.7081331110294955,0.40453436582659685,1.0,0.2618770974653738,0.41166558737556136,1.0,0.5864269255120078,0.7710791534433763,1.0,0.3506211910718753,0.7668004205139975,1.0,0.758844021661782,0.5870936374800901,1.0,0.19341736811178695,0.6070610578171909,1.0,0.7892705680411538,0.5371750866373382,1.0,0.17820409492210113,0.5257651321589947,1.0,0.7132042020927241,0.5870936374800901,1.0,0.24919936980730226,0.5999298362682264,1.0
1.0833333333333335,0.7041519159152183,0.40447413750613737,1.0,0.26325924381797705,0.4116006356974442,1.0,0.5875940830619246,0.7707761445393166,1.0,0.3494106854921506,0.7665002456245325,1.0,0.7624308323418654,0.578360693374028,1.0,0.19991259552814356,0.5940389893949032,1.0,0.7928372235209853,0.5384523035027087,1.0,0.17457393621221012,0.5256246067583561,1.0,0.7092196477784051,0.5669582962679365,1.0,0.25565764602319696,0.5769353937357664,1.0
1.125,0.7017898543013467,0.4018577684958776,1.0,0.2624736378590266,0.4117991914972663,1.0,0.5881735914283328,0.7711106228331726,1.0,0.3483170364741927,0.7668500129754345,1.0,0.7573355828170425,0.5708619595194857,1.0,0.2018782976600859,0.5850639923786123,1.0,0.7977324762830027,0.5381972839434943,1.0,0.1690558217189929,0.5282558609421053,1.0,0.7068394659845916,0.5523993168026209,1.0,0.25994883201740393,0.5595003332321844,1.0
1.1666666666666667,0.7015129460228814,0.40278609097003937,1.0,0.2644124737492313,0.4127345482508341,1.0,0.5878162913852267,0.7708790103594463,1.0,0.34526342815823025,0.7666153858105342,1.0,0.7545713848537869,0.5690674483776093,1.0,0.2037742579424824,0.57048865656058,1.0,0.8000500467088487,0.5363796601692834,1.0,0.1557690037621392,0.5349584519863129,1.0,0.6939331690470377,0.5363796601692834,1.0,0.26946565839979386,0.547749325633049,1.0
1.2083333333333335,0.7017888478290888,0.4018033013368646,1.0,0.2681312877454876,0.41036233181754744,1.0,0.5876684372807728,0.7655620967658858,1.0,0.34167555232106905,0.7612825815255444,1.0,0.752509030295007,0.5615718703096111,1.0,0.20980307790968153,0.5601453652294974,1.0,0.8032292127609253,0.5430273042681315,1.0,0.14893885895057954,0.5444538093482456,1.0,0.6865727930893133,0.5244827382266521,1.0,0.2757393151153753,0.5159237077459693,1.0
1.25,0.6994956251647737,0.40301787573844194,1.0,0.27087516917122734,0.4115776037797332,1.0,0.5879021336634954,0.7696595601737499,1.0,0.3418892092174954,0.7639530748128891,1.0,0.7527561551994748,0.5528131164610386,1.0,0.21761463913652632,0.5471066311001778,1.0,0.8085529009501139,0.5570929804816842,1.0,0.14913681480619642,0.5613728445023298,1.0,0.6715972522894541,0.5114410975947976,1.0,0.2835562477509181,0.4843352921307087,1.0
1.2916666666666667,0.6966709251757022,0.40536423213779926,1.0,0.27374056938253805,0.411062395821015,1.0,0.5827076556505981,0.7757448715468247,1.0,0.3421185310976005,0.7728957897052169,1.0,0.754918818488533,0.544969242376586,1.0,0.22055771027082274,0.5364219968517623,1.0,0.815699228901922,0.5620637334262331,1.0,0.14964723145520242,0.5720355198718607,1.0,0.6688132370695656,0.5050820965940752,1.0,0.2990657403881166,0.4637704098907611,1.0
1.3333333333333335,0.6918322874440087,0.4039367330260575,1.0,0.26902015047308836,0.4110574461519718,1.0,0.5854963009004241,0.7756379581987858,1.0,0.3399108081688116,0.7713655303232372,1.0,0.7500638991226385,0.5335337119176984,1.0,0.2361066308286455,0.5178681430406868,1.0,0.8158909384115243,0.5648648496717215,1.0,0.15002511791241022,0.580530418548733,1.0,0.6614505770029844,0.48796114791184664,1.0,0.312060906931206,0.44381272653117776,1.0
1.375,0.6904236593364197,0.40439791713530826,1.0,0.26556500093436536,0.4115105060239632,1.0,0.5842089947359062,0.7799426104562976,1.0,0.34143261850616075,0.7770975749008358,1.0,0.7384731504652235,0.5224668926869829,1.0,0.2478625568342798,0.5053966793542106,1.0,0.8168696886227456,0.5679874615743756,1.0,0.1492346539909457,0.5850576749071479,1.0,0.6550187711362487,0.4684112171332042,1.0,0.3262590949918018,0.4257356838012736,1.0
1.4166666666666667,0.6870540913976269,0.4044092162512243,1.0,0.2686280420532932,0.4114985127622883,1.0,0.5811872596358076,0.780141931337615,1.0,0.33920592989450626,0.7787240720354021,1.0,0.7223430353182335,0.5022415081039071,1.0,0.26106612549887764,0.49515221159284306,1.0,0.8156066728226933,0.5731344732145467,1.0,0.15015801603411452,0.5873130662366748,1.0,0.6416825920711329,0.4497807139220338,1.0,0.33920592989450626,0.4114985127622883,1.0
1.4583333333333335,0.6867860003753944,0.40560434882839524,1.0,0.27004578819981323,0.41128716990351677,1.0,0.5857580701510111,0.7820912450551987,1.0,0.33823964110127197,0.779249834517638,1.0,0.7170943794427096,0.492267370223999,1.0,0.2675200899442037,0.4865845491488776,1.0,0.8181223096670929,0.576088981082042,1.0,0.14881227193055324,0.5874546232322853,1.0,0.6312206387519836,0.4269149278601011,1.0,0.34834243412371024,0.4013422330220541,1.0
1.5,0.688033033300329,0.4057682746400436,1.0,0.2766912789256486,0.4100267974038919,1.0,0.5845667024453481,0.7861963082104921,1.0,0.3397805050567345,0.7819377854466438,1.0,0.71074515470752,0.4767436540375152,1.0,0.26912057178991805,0.4810021768013635,1.0,0.819258623652988,0.5789482003698747,1.0,0.14546568857298958,0.5860457383096218,1.0,0.6249438071692432,0.4100267974038919,1.0,0.35744548837343854,0.3944122139364481,1.0
1.5416666666666667,0.6799547098301074,0.40363703621551394,1.0,0.2767067117455565,0.4078900422900915,1.0,0.5867036102730552,0.7835722455444436,1.0,0.33719391145823924,0.7807369081613917,1.0,0.7076780096984204,0.46459678995112563,1.0,0.2666255117934426,0.4801911455579102,1.0,0.8210915091597004,0.5794279539647202,1.0,0.14313081238004896,0.5836809600392978,1.0,0.614426910141368,0.3880426806087295,1.0,0.3598766113504952,0.39229568668330705,1.0
1.5833333333333335,0.6788996671452936,0.4084426386592288,1.0,0.2752756152623965,0.40702364780008793,1.0,0.5855616051473737,0.7858942071907222,1.0,0.33581922304483114,0.7816372346132994,1.0,0.7041261703879744,0.4510123644334574,1.0,0.2601397133167879,0.48364915419369936,1.0,0.8226907356285754,0.5787215417561433,1.0,0.1390524977519188,0.5815595234744251,1.0,0.6107881083900545,0.37580584889898705,1.0,0.3585230759632441,0.39709071178610134,1.0
1.625,0.6705734626746472,0.4135835257669289,1.0,0.2750811481181486,0.406498671664546,1.0,0.5849254455095456,0.7890807931932309,1.0,0.3380576313277821,0.7862468515522778,1.0,0.705840293272042,0.4405059713559847,1.0,0.24485243617752456,0.49009995007266594,1.0,0.8292742003629238,0.5779521409422159,1.0,0.13401382572856957,0.580786082583169,1.0,0.6126350981217842,0.36682348869120074,1.0,0.3481338686413235,0.40791564248502254,1.0
1.6666666666666667,0.6663946840498183,0.41588497068732977,1.0,0.2705313449288593,0.41163007030263543,1.0,0.5831877401581518,0.791734504668663,1.0,0.33860975356749556,0.7874796042839687,1.0,0.7117802898089091,0.43574117248257005,1.0,0.23018858425411182,0.5009829783812165,1.0,0.8328085718331515,0.5761528851774831,1.0,0.12933168256724314,0.581826085690409,1.0,0.615966233206384,0.35773466542984045,1.0,0.33608833102532365,0.42581307158494985,1.0
1.7083333333333335,0.6678438503065228,0.41662773210555315,1.0,0.2672464921150678,0.4109589013581475,1.0,0.5847010023799943,0.7893533537474771,1.0,0.34031141908080503,0.7865189383737743,1.0,0.7182334551104793,0.4378858474083245,1.0,0.20677896635031998,0.51299785481145,1.0,0.8366490263997773,0.573937785346061,1.0,0.12363611842379157,0.5824410314671695,1.0,0.6224932059829619,0.3585222169446448,1.0,0.32015557715922227,0.4449718858425816,1.0
1.7500000000000002,0.6728101939330866,0.41378716084485256,1.0,0.26878124254721175,0.4109463323839009,1.0,0.5844288608174265,0.7901969319209456,1.0,0.3394863090397398,0.7859356892295182,1.0,0.7258389938024826,0.4464566881457964,1.0,0.195550995108522,0.5245794708219669,1.0,0.8419973173259218,0.5742939688886206,1.0,0.11727038577750874,0.5813960400409997,1.0,0.6273569369021759,0.3683339054696262,1.0,0.30160859484731417,0.4635016589115062,1.0
1.7916666666666667,0.6763263999679943,0.4121406984825928,1.0,0.26974253080509314,0.4135612167107563,1.0,0.5828878710299364,0.7914190654022,1.0,0.34045276892038046,0.78715751071771,1.0,0.7419859067893323,0.4632793546964724,1.0,0.17630400186703532,0.5399873390172918,1.0,0.843000532668314,0.5755002947213748,1.0,0.11064449504569732,0.5797618494058647,1.0,0.638445915263376,0.3851508521474898,1.0,0.2874200903339151,0.483166609890759,1.0
1.8333333333333335,0.6768140472747661,0.415335463359952,1.0,0.26789456385153304,0.415335463359952,1.0,0.5859430509584921,0.7873386045296988,1.0,0.34362039411509493,0.7830790265773735,1.0,0.7550640718804466,0.4834887105971575,1.0,0.16692679016678427,0.5459625205645959,1.0,0.8459350681967206,0.578619284865757,1.0,0.11139451464017232,0.578619284865757,1.0,0.651572103853579,0.41107588540762663,1.0,0.277991341220008,0.4934277258192499,1.0
1.8750000000000002,0.6778417008894461,0.41144159343093634,1.0,0.2666524267858929,0.41569853760302067,1.0,0.584504258301523,0.7874716619650524,1.0,0.3423314342896144,0.7817957364022732,1.0,0.7711791434773693,0.509351309388876,1.0,0.16826971703105503,0.5462448255469403,1.0,0.8443355173976332,0.5817193603143096,1.0,0.11024914461153518,0.5760434347515304,1.0,0.6652285329721591,0.43840223985413707,1.0,0.2792655947031797,0.49232353270053864,1.0
1.9166666666666667,0.6889635074285813,0.41006492963060737,1.0,0.27204450891341697,0.4143288740888238,1.0,0.5828386714429031,0.7867133567730586,1.0,0.34026761776135295,0.7810280974954367,1.0,0.7799276525591625,0.5351406337382891,1.0,0.17602680016446984,0.5422472078353167,1.0,0.8405704159795503,0.5834653375980754,1.0,0.11285725493489965,0.5735161338622372,1.0,0.6839099438102156,0.46833883722623204,1.0,0.2796248543409653,0.4811306706008813,1.0
1.9583333333333335,0.6908964481618669,0.41030947864055634,1.0,0.27057642075750565,0.41600658744573593,1.0,0.5820183687739902,0.7891672141849995,1.0,0.3414737747775184,0.7834701053798199,1.0,0.7921783824761709,0.5484643671661615,1.0,0.1895508733060625,0.527100209146738,1.0,0.8352232045597501,0.5869198516011238,1.0,0.11612147092819214,0.5755256339907646,1.0,0.6959605448775821,0.4957661107182503,1.0,0.2857687109046512,0.4630077350884676,1.0
2.0,0.6886790494124094,0.4104608533283074,1.0,0.2682554364940266,0.41331010963767767,1.0,0.5823068099993248,0.786562686165174,1.0,0.3366375904024383,0.7808641735464334,1.0,0.7975839611924724,0.5671699503436685,1.0,0.19987328258561496,0.5116094523109496,1.0,0.8279760295962111,0.5871147445092597,1.0,0.11629509447533407,0.5757177192717791,1.0,0.7038750836142786,0.5173079649296899,1.0,0.29611483253078696,0.44180267273137974,1.0
2.041666666666667,0.6884293732819733,0.41221721159915137,1.0,0.2783627090630709,0.41221721159915137,1.0,0.5821157936696653,0.7923831815520921,1.0,0.33658205027933463,0.7866878112157187,1.0,0.7972742285993364,0.5788067939380803,1.0,0.2150808164366968,0.49337623889247584,1.0,0.820055709944831,0.5873498494426408,1.0,0.11636106393955378,0.5773829513539872,1.0,0.7112108546274679,0.531819988662998,1.0,0.30620674181867513,0.41791258193552494,1.0
2.0833333333333335,0.6890182966067466,0.4132970040664077,1.0,0.27872573078414536,0.41472163097932935,1.0,0.5801134797525995,0.7950970167294145,1.0,0.33444447429091834,0.7893985090777278,1.0,0.7903251029826978,0.5842522336170077,1.0,0.22553965743677118,0.47455596132203937,1.0,0.8181844747360842,0.5842522336170077,1.0,0.11663484058262391,0.5785537259653211,1.0,0.706746987722538,0.5457873069681227,1.0,0.31924845333452584,0.394776854198426,1.0
2.125,0.6865919574543281,0.41524137308200204,1.0,0.2809930344422658,0.4195191742231449,1.0,0.5775872468948364,0.8016694094985723,1.0,0.3367628863564243,0.7973916083574295,1.0,0.7854566949385186,0.5849274850140016,1.0,0.2353631556034088,0.4580193844934306,1.0,0.8133416208955977,0.5835015513002872,1.0,0.11621847196861552,0.5792237501591444,1.0,0.704336910336106,0.5492791421711445,1.0,0.3240879200122973,0.3824448976665735,1.0
2.166666666666667,0.6871648364596896,0.4149182325539489,1.0,0.2873693631019122,0.420611522315691,1.0,0.5783597392800414,0.7992152914715311,1.0,0.33544603394873346,0.7949453241502247,1.0,0.7858485292505336,0.5814469580849013,1.0,0.2367623411578897,0.44480800380309415,1.0,0.8086216891253437,0.5857169254062078,1.0,0.11783583958943684,0.57860031320403,1.0,0.7048772941400975,0.5401706073122721,1.0,0.32785498065713015,0.36652526957914233,1.0
2.2083333333333335,0.6812889724969864,0.4142222199589014,1.0,0.28949376499211354,0.4199095697452624,1.0,0.5751251098182466,0.7995401679848633,1.0,0.33246485226684147,0.7924309807519117,1.0,0.7722865690787634,0.5692025016372404,1.0,0.23641183365274346,0.4355497816577554,1.0,0.80767452330501,0.589108225889504,1.0,0.11760941589320141,0.5763116888701916,1.0,0.6939275275777889,0.5194381910065811,1.0,0.33246485226684147,0.3530832097555201,1.0
2.25,0.6835619724459119,0.41418041847646236,1.0,0.28958257536093396,0.4170216160515945,1.0,0.5774905963076485,0.7977420911192894,1.0,0.33504173656304675,0.7920596959690251,1.0,0.7618527500717727,0.5548196984454989,1.0,0.2314958693804563,0.4298070051396887,1.0,0.8047864023182127,0.5903346681346497,1.0,0.1178479663751743,0.5732874826838574,1.0,0.6835619724459119,0.49515454936772585,1.0,0.32999071865170077,0.3459916766732931,1.0
2.291666666666667,0.6845010879599018,0.4121441928048928,1.0,0.2910505187364273,0.41781896042327094,1.0,0.5760499695200979,0.7980283908545971,1.0,0.333926542305652,0.7951910070454082,1.0,0.7551204208974487,0.528476928981642,1.0,0.22547542386584812,0.43200587946921587,1.0,0.8030406825336409,0.5894806808792055,1.0,0.11450218639256043,0.5696189942148826,1.0,0.6718904927924826,0.46463579327488946,1.0,0.32888230423868436,0.3468843651935458,1.0
2.3333333333333335,0.6797564195262061,0.4119161725975573,1.0,0.2893793840467194,0.4175829358088473,1.0,0.5764953972380837,0.8015061433737476,1.0,0.3372320529119468,0.7986727617681026,1.0,0.7477575805452135,0.5082511471894882,1.0,0.21382253847004445,0.44024998865400755,1.0,0.805684495487331,0.5904192137531936,1.0,0.11559863922036723,0.569168851710856,1.0,0.6596079273724261,0.43599991624554,1.0,0.32715780683505674,0.3580819220903019,1.0
2.375,0.6782065127734784,0.4156136456876993,1.0,0.2874303018605268,0.4156136456876993,1.0,0.5798821758340905,0.794256885536015,1.0,0.33533190190792084,0.7900024671107531,1.0,0.738713797043871,0.4879387589171529,1.0,0.2067539228333367,0.4524852720399698,1.0,0.8093056286926623,0.5900448011234403,1.0,0.11347185958314832,0.571608987947305,1.0,0.650474007482882,0.41277736673752463,1.0,0.31768394399572286,0.37448760091016686,1.0
2.416666666666667,0.6709991130563948,0.4136871248483658,1.0,0.2807560960451762,0.40802230685949326,1.0,0.577844328350491,0.7861489076167345,1.0,0.33362773060798645,0.7819002941250801,1.0,0.7289061413870918,0.46891910023987293,1.0,0.19767209887504578,0.46891910023987293,1.0,0.8094724416732788,0.5892964825034142,1.0,0.11458810170491536,0.5751344375312328,1.0,0.6407867504490746,0.39386026188731194,1.0,0.31096845865249634,0.3924440573900938,1.0
2.4583333333333335,0.6728916731145647,0.4138843591014544,1.0,0.2778493767535244,0.40539220782617724,1.0,0.5772763402373702,0.786123656667769,1.0,0.33320562210347915,0.7818775810301304,1.0,0.7232155325236143,0.45917583256959915,1.0,0.19229881575813992,0.48748300348718976,1.0,0.8137984794599037,0.5893888187905152,1.0,0.11681302664456537,0.5794813089693587,1.0,0.6326325855873248,0.3827464710921049,1.0,0.30301130645804936,0.4110536420096954,1.0
2.5,0.6686756213506063,0.4185803756117821,1.0,0.27054152886072796,0.4114933367818594,1.0,0.5779615243275961,0.7885238025337458,1.0,0.33605726559956867,0.7856889870017767,1.0,0.7190723419189453,0.4511807542294264,1.0,0.1848671038945516,0.5050422493368387,1.0,0.8148261109987894,0.5886693075299263,1.0,0.11935136715571086,0.5844170842319727,1.0,0.6283582448959351,0.37322332710027695,1.0,0.29070021708806354,0.4327544532716274,1.0
2.541666666666667,0.6682122631205453,0.4193755565211177,1.0,0.2619173802711345,0.4122780139247576,1.0,0.5773637178871367,0.7912867885703843,1.0,0.335100930598047,0.7884477715318401,1.0,0.7186836771391056,0.44492670986801386,1.0,0.18116311784143807,0.5187411528701582,1.0,0.8171029344752981,0.5868775617952149,1.0,0.12059742101916557,0.5868775617952149,1.0,0.6278351319056971,0.36685374130805337,1.0,0.28967665798134273,0.45060474394510186,1.0
2.5833333333333335,0.6677348790345368,0.4206079890330632,1.0,0.2613963683446248,0.416349006195863,1.0,0.5768765785076,0.7982378005981445,1.0,0.3345877771024352,0.7925591568152108,1.0,0.7232593960232205,0.44332256416479754,1.0,0.18315727622420713,0.5299218818545341,1.0,0.8191653799127648,0.5838689977924028,1.0,0.1225850758729157,0.5895476415753365,1.0,0.6273534121336759,0.3638215512037277,1.0,0.2866347851576627,0.46461747835079836,1.0
2.625,0.6647222255483087,0.41859978126982855,1.0,0.2640549003342052,0.417182326161613,1.0,0.5765250155955185,0.7970602951633432,1.0,0.3371325885808027,0.792807929838697,1.0,0.7302401529418098,0.44694888343413663,1.0,0.18341745123451147,0.5362485552517076,1.0,0.8209572831789652,0.5816071187146008,1.0,0.12545928469410642,0.5901118493638933,1.0,0.6319632618515578,0.36473648715764284,1.0,0.2842142626091285,0.46962816516558337,1.0
2.666666666666667,0.6649904861862278,0.41192707838490605,1.0,0.2645485062658051,0.4147603941770892,1.0,0.5768428805433674,0.7958413682257137,1.0,0.3350665907800933,0.7915913945374391,1.0,0.7405455767372509,0.4544268152676523,1.0,0.18899341571478187,0.5309263416565955,1.0,0.8211376733250089,0.5805093680197992,1.0,0.1235123372372286,0.5875926575002572,1.0,0.6398054560025533,0.372260657294343,1.0,0.2872150334311121,0.4657600784363847,1.0
2.7083333333333335,0.6670356554749571,0.4097962432230513,1.0,0.2635726685877198,0.41263309245308233,1.0,0.5787781270933741,0.7913524646622441,1.0,0.3367003349610316,0.7870971908171973,1.0,0.752771540188495,0.47078850166872144,1.0,0.19548828955049855,0.523270212424298,1.0,0.8208559192257163,0.5800071970249214,1.0,0.12488226684523222,0.5856808954849839,1.0,0.6493841497986406,0.3885198739978175,1.0,0.29131074893621745,0.4551858309035499,1.0
2.75,0.6673281641654025,0.4122482598759234,1.0,0.26447982626196775,0.4179133144207299,1.0,0.5766872881371299,0.7875581234693527,1.0,0.3349782853950689,0.7861418598331511,1.0,0.7630046444174684,0.4915590235032141,1.0,0.20153477346455617,0.5071379235014319,1.0,0.8209140929910872,0.5821998962201178,1.0,0.12096510588386916,0.5836161598563194,1.0,0.6622925599416097,0.4122482598759234,1.0,0.29972905582851833,0.4391572689637542,1.0
2.791666666666667,0.6672488241283983,0.4121604422107339,1.0,0.2744127765849783,0.4164098706096411,1.0,0.5765943516183781,0.7889430935805042,1.0,0.3348490915916585,0.7861101413145661,1.0,0.7780487349739782,0.511313771518568,1.0,0.2089401019944085,0.4900666295240321,1.0,0.8208577914370431,0.5835540542999904,1.0,0.11828562948438856,0.5821375781670213,1.0,0.6748033635042332,0.439073488737146,1.0,0.30966729367220835,0.4178263467426101,1.0
2.8333333333333335,0.6796160362384936,0.4107179113974174,1.0,0.2769223760675502,0.41496507109453284,1.0,0.5814594565718263,0.7872994045416515,1.0,0.33480958971712327,0.7830522448445361,1.0,0.7802894512812296,0.5381327023108802,1.0,0.2165183270419085,0.4730095869551101,1.0,0.8180419819222556,0.5862671788781881,1.0,0.1133280766231043,0.5806042992820342,1.0,0.6896833777427673,0.46451526756087924,1.0,0.31215807133250767,0.39797643230607116,1.0
2.875,0.6812002022325258,0.40990895638242364,1.0,0.27940948509875635,0.41843753261491656,1.0,0.5775937908961448,0.7936948868446052,1.0,0.33500316923047296,0.7894305987283587,1.0,0.7873335992112571,0.5520518935906389,1.0,0.22128881532468922,0.4596589844052992,1.0,0.8151304412771153,0.589009057264775,1.0,0.11010144706125609,0.5790590516601999,1.0,0.6963621160866301,0.4895090012190244,1.0,0.3198412553763684,0.385744657057027,1.0
2.916666666666667,0.6795068144062419,0.4105909007290999,1.0,0.284795977819113,0.4205535536942383,1.0,0.5782989075890295,0.7948646579558651,1.0,0.3328697335572891,0.7905949495422344,1.0,0.7908355119051755,0.5685701120334368,1.0,0.22407123372878562,0.44617180417602265,1.0,0.8085468955981878,0.5899186541015904,1.0,0.10768214088899114,0.578532764998575,1.0,0.7022785934401148,0.5087941942426064,1.0,0.32527914054599805,0.37358676114430034,1.0
2.9583333333333335,0.6804940435621474,0.4103936105966568,1.0,0.28558644983503556,0.42036123014986515,1.0,0.5792356861962212,0.8019786644726992,1.0,0.3362156285179986,0.7991307731717825,1.0,0.7893467777305179,0.5784191973507404,1.0,0.22989435328377616,0.43602463230490685,1.0,0.807066990269555,0.5912347082048655,1.0,0.10838432444466485,0.5755713060498238,1.0,0.7032771739694808,0.5228853169828653,1.0,0.3311527106497023,0.36055551283061504,1.0
3.0,0.6841218177183175,0.41309125255793333,1.0,0.28390429932394157,0.4202153774288794,1.0,0.5752018601806077,0.8034932954857748,1.0,0.337097766958637,0.8006436455373962,1.0,0.785442708451071,0.5812205995122592,1.0,0.23071083168924586,0.424489852351447,1.0,0.8082399088659405,0.5883447243832052,1.0,0.106592740541623,0.572671649667124,1.0,0.6993199513282305,0.5313517254156372,1.0,0.3345647446903182,0.3503989536936084,1.0
3.041666666666667,0.6814897672997581,0.4106742665171623,1.0,0.28157392972045475,0.41921677254140377,1.0,0.5751830256647534,0.8022057926282287,1.0,0.3347273005379571,0.7993582906201482,1.0,0.7802031702465482,0.5815243870019913,1.0,0.2284205589029524,0.420640523545444,1.0,0.8055142992072635,0.585795640014112,1.0,0.10945825278759003,0.5715581299737096,1.0,0.6941453317801157,0.5302693508565426,1.0,0.3347273005379571,0.34233421832323074,1.0
3.0833333333333335,0.6843139396773444,0.41204629465937614,1.0,0.2844213843345642,0.41774096712470055,1.0,0.5754824214511447,0.7992840223014355,1.0,0.3325097295973036,0.7950130179524422,1.0,0.7754286991225349,0.5771917961537838,1.0,0.2262091769112481,0.41774096712470055,1.0,0.805800285604265,0.5857338048517704,1.0,0.10978476206461589,0.5686497874557972,1.0,0.6868449052174886,0.5216687396168709,1.0,0.3350406951374478,0.33943922072649,1.0
3.125,0.6811585146703839,0.411058476815621,1.0,0.28686948911643323,0.41674533796807134,1.0,0.5775312707747943,0.7906564587416749,1.0,0.33489187043390145,0.7892347434535623,1.0,0.7645658085375656,0.5674471585080028,1.0,0.22115465152410804,0.421010483832409,1.0,0.7999507210872792,0.5859294572534661,1.0,0.11247242012141662,0.5674471585080028,1.0,0.6811585146703839,0.5063134011191628,1.0,0.3323643766803506,0.3413944276981056,1.0
3.166666666666667,0.6801329183357733,0.41129415978988004,1.0,0.28630229444415495,0.4169744091729324,1.0,0.5766261518001556,0.7890307437628508,1.0,0.33426884478992885,0.7861906190713248,1.0,0.7583941320578257,0.5533003943661849,1.0,0.21309019128481546,0.4311750326305628,1.0,0.793737905996817,0.5873818906644979,1.0,0.11463253531191084,0.5675010178238153,1.0,0.6750838077730603,0.48371733942379547,1.0,0.32669517894585925,0.3488114165763061,1.0
3.2083333333333335,0.6784686181280348,0.4098436925560236,1.0,0.2828863345914417,0.4169301586225629,1.0,0.577683322959476,0.7854263940826058,1.0,0.33327898217572105,0.784009100869298,1.0,0.7490183247460259,0.5345654953271151,1.0,0.20477773083580864,0.44811060931533575,1.0,0.7918520751926634,0.5870053442195058,1.0,0.11659059756331974,0.5699978256598115,1.0,0.663350823852751,0.4665354210883379,1.0,0.31816118790043724,0.36590760294348,1.0
3.25,0.6752551909950044,0.411539095453918,1.0,0.28208767539925045,0.41295676678419113,1.0,0.576963312096066,0.7900573406368494,1.0,0.3350140717294481,0.7872219979763031,1.0,0.7458237194352679,0.5192821165546775,1.0,0.1963973194360733,0.4639929346740246,1.0,0.7937095065911611,0.5873303404077888,1.0,0.11826787723435296,0.5731536271050572,1.0,0.6500521451234818,0.44698087871074677,1.0,0.31233133044507766,0.3846033401787281,1.0
3.291666666666667,0.6778510323277227,0.4101193298896154,1.0,0.27660092159553806,0.40869981298844016,1.0,0.5794311938462435,0.7834522748986881,1.0,0.3346433904435899,0.7820327579975128,1.0,0.7384170867778637,0.5038074453671775,1.0,0.19079901112450492,0.47967565804719925,1.0,0.7964595556259155,0.5875589425365131,1.0,0.1201386142660071,0.5776223242282867,1.0,0.647568005102652,0.42573401580254233,1.0,0.30436036321851945,0.4016022284825643,1.0
3.3333333333333335,0.6749909317787783,0.4160377030881742,1.0,0.26829741545665403,0.4103540978394449,1.0,0.579001157740016,0.7854720442555845,1.0,0.3339746292726493,0.7812093403190374,1.0,0.7330900055390818,0.48992457132165645,1.0,0.18746392152927527,0.4956081765703857,1.0,0.8038193127255381,0.586545860550056,1.0,0.12178670771328015,0.5822831566135089,1.0,0.6421523248707808,0.4146168017759919,1.0,0.30366206904988224,0.41745860440035665,1.0
3.375,0.6737913737694422,0.41257914807647467,1.0,0.2641754100720088,0.41400142572820187,1.0,0.5802371104558309,0.7823713375255466,1.0,0.3349732309579849,0.7809490598738194,1.0,0.7294182330369949,0.48084847535938025,1.0,0.1857921083768209,0.5050271954387426,1.0,0.8103300283352534,0.586097021587193,1.0,0.12510826190312704,0.586097021587193,1.0,0.6383924633264542,0.40689003746956587,1.0,0.29957432051499683,0.43249103520065546,1.0
3.416666666666667,0.6709167486355629,0.41321494306127227,1.0,0.25734727470963076,0.41321494306127227,1.0,0.580133205578651,0.7862785789184272,1.0,0.3330002272570576,0.782023100182414,1.0,0.7314391106735041,0.47704712410146977,1.0,0.18673785233203274,0.5125094469015798,1.0,0.8171791235605875,0.5848525854138036,1.0,0.12621549029409154,0.5876895712378125,1.0,0.6356120374467638,0.3990300139412284,1.0,0.3002172811531726,0.4401663083893558,1.0
3.4583333333333335,0.6679418881734213,0.4119420498609543,1.0,0.25706881946987575,0.41335994005203247,1.0,0.5797176096174452,0.7862650603055954,1.0,0.33268962966071236,0.7820113897323608,1.0,0.7360006173451742,0.47574710845947266,1.0,0.19153078397115073,0.5197017043828964,1.0,0.8242248959011502,0.584924653172493,1.0,0.13103413581848145,0.5891783237457275,1.0,0.6351728704240587,0.39634525775909424,1.0,0.29739991823832196,0.4502250850200653,1.0
3.5000000000000004,0.667845787273513,0.41159098595380783,1.0,0.26100409030914307,0.41159098595380783,1.0,0.5794019401073456,0.7868455946445465,1.0,0.33428613510396743,0.7811599187552929,1.0,0.7386008650064468,0.4769762586802244,1.0,0.19782991376188067,0.5253045037388802,1.0,0.8270447121726142,0.5835826816037297,1.0,0.13465573721461827,0.5892683574929833,1.0,0.637522182530827,0.3973767962306738,1.0,0.2989085962375005,0.45707639306783676,1.0
3.541666666666667,0.6657157474093967,0.41031137527897954,1.0,0.26124633977442613,0.4131553006979327,1.0,0.5797659982869655,0.7857095305807889,1.0,0.33455641990826457,0.7814436424523592,1.0,0.7440816951386723,0.4828314734622836,1.0,0.2005759286291805,0.5254903547465801,1.0,0.827503510463385,0.5823688631256423,1.0,0.13737758368621636,0.5894786766730249,1.0,0.6379084756344925,0.4060454871505499,1.0,0.30169328053792316,0.4558141819822292,1.0
3.5833333333333335,0.6694742286646809,0.41312337666749954,1.0,0.2617023079483596,0.41312337666749954,1.0,0.5808281589437413,0.7849619798362255,1.0,0.33768465342345066,0.7806879729032516,1.0,0.750522063838111,0.4957541773716607,1.0,0.20598192126662657,0.5213982189695039,1.0,0.8265044093132019,0.5812343160311382,1.0,0.13759781033904467,0.5883576609194279,1.0,0.641614035323814,0.4173973836004734,1.0,0.3047589703842447,0.44874010110894835,1.0
3.6250000000000004,0.6826572661046628,0.4081800146959722,1.0,0.26171120596520697,0.4138856090915699,1.0,0.5812244805288904,0.7847492448054254,1.0,0.3377857951470362,0.7804700490087271,1.0,0.7561960356470979,0.5123071124156315,1.0,0.21353063281671503,0.5094543152178328,1.0,0.8246631659107444,0.5822006437617042,1.0,0.1374560436348856,0.5864798395584025,1.0,0.6471557911531425,0.44241358106955886,1.0,0.3149634183924874,0.43528158807506157,1.0
3.666666666666667,0.6848840211276654,0.4057590883846084,1.0,0.26930397141862805,0.4100352550546328,1.0,0.5809890087004059,0.780636366456747,1.0,0.33772263813901837,0.7777855886767309,1.0,0.763438786621447,0.5368948662653565,1.0,0.22369152693836783,0.4955585884551206,1.0,0.8242553792617938,0.5825073107456167,1.0,0.13500066267119515,0.5867834774156411,1.0,0.6519417001141442,0.4699015884349742,1.0,0.317450440592236,0.4200129772846898,1.0
3.7083333333333335,0.6824825361922934,0.4085183427669108,1.0,0.2770861218005051,0.41279400791972876,1.0,0.5811334325943464,0.7819264327796798,1.0,0.33789558395927344,0.7805012110620737,1.0,0.7686292742505485,0.5553161796803274,1.0,0.2264115700015316,0.47977942864721035,1.0,0.8218375536394709,0.5838206140324473,1.0,0.1351973767633792,0.5852458357500534,1.0,0.6596789878827553,0.4997325326936939,1.0,0.3226932184195813,0.4028174558964869,1.0
3.7500000000000004,0.6867717813562463,0.4081968876222769,1.0,0.2827868726518419,0.4124844634595016,1.0,0.5851403577828113,0.7855035612980525,1.0,0.33868415561723114,0.7812159854608278,1.0,0.7756992769830021,0.5754123452740412,1.0,0.23197116086512437,0.4639353735061982,1.0,0.8239742031803837,0.5811291130570073,1.0,0.13288052288102511,0.5839874969484906,1.0,0.6613639254628877,0.5239614352273443,1.0,0.32598022767055174,0.38532981649041176,1.0
3.791666666666667,0.6864080318698177,0.40898183609048533,1.0,0.287057015630934,0.4132742236057918,1.0,0.5821189129794084,0.789573529114326,1.0,0.3379297565530849,0.7881427332758904,1.0,0.7728916914374742,0.5849697242180505,1.0,0.23618427470878306,0.4504749154051144,1.0,0.8186771582674098,0.5792465408643088,1.0,0.1318951558183741,0.580677336702744,1.0,0.6660589355009573,0.542045849064986,1.0,0.33029884541476207,0.37464273596803355,1.0
3.8333333333333335,0.6860615484140538,0.41014941968023777,1.0,0.29407091438770294,0.4187401235103607,1.0,0.5842457993163003,0.7881403882056475,1.0,0.3373426077542483,0.7852768202622733,1.0,0.7624233602373689,0.5891224161411324,1.0,0.23298146492905086,0.44164866705735517,1.0,0.8158766285136893,0.5719410084808865,1.0,0.13116571583129744,0.5790999283393226,1.0,0.6555168236847275,0.5547596008206408,1.0,0.3322518202993605,0.36433233258624864,1.0
3.8750000000000004,0.6887077258692847,0.41013332890967535,1.0,0.2948119927335669,0.41728063051899267,1.0,0.5845159512979011,0.7903697745253644,1.0,0.3380134602387746,0.7875108538816371,1.0,0.7547805585243084,0.588815869142612,1.0,0.23128042287296718,0.43729307502508163,1.0,0.8157708655904842,0.5688034246365228,1.0,0.12962991109600777,0.5773801865677037,1.0,0.6480475211585008,0.5559382817397516,1.0,0.3329309346499265,0.35581383667886257,1.0
3.916666666666667,0.6901091105408139,0.4094234053045511,1.0,0.2958061893781026,0.41657809540629387,1.0,0.5832657383547889,0.7886219806969166,1.0,0.3390523162153032,0.7857601046562195,1.0,0.7435307966338264,0.5839978437870741,1.0,0.2245772745874193,0.43947310373187065,1.0,0.8198474910524156,0.5711194016039371,1.0,0.13299724128511217,0.5754122156649828,1.0,0.6341435346338484,0.5496553312987089,1.0,0.3314206467734443,0.35504776053130627,1.0
3.9583333333333335,0.691211375925276,0.4094313010573387,1.0,0.2962057987848918,0.4151652529835701,1.0,0.5867260297139486,0.7835716642439365,1.0,0.33952899111641777,0.779271200299263,1.0,0.7370829913351271,0.574282418936491,1.0,0.21975310643513998,0.4467019885778427,1.0,0.818632529841529,0.5728489309549332,1.0,0.13310672177208793,0.574282418936491,1.0,0.6351460682021247,0.5312777794897556,1.0,0.32423845264646745,0.36355968564748764,1.0
4.0,0.6899287170834012,0.40922024846076965,1.0,0.2924136320749919,0.4106535961230595,1.0,0.5880017722094502,0.7761572500069938,1.0,0.33828075726826984,0.7732905546824136,1.0,0.7256031477892841,0.5568550576766333,1.0,0.2134202497976797,0.4608207643032074,1.0,0.8147892245539912,0.5783552726109824,1.0,0.13442686752036773,0.5754885772864022,1.0,0.623676202915333,0.5052545418341954,1.0,0.3178953682934797,0.37481990456581116,1.0
4.041666666666667,0.6906205962101618,0.408388564363122,1.0,0.2874738469167991,0.4026475505282482,1.0,0.588558128034627,0.7729429428776105,1.0,0.34105664270895514,0.7700724359601736,1.0,0.7161362132540456,0.5318203618129096,1.0,0.20582387237637118,0.477280730381608,1.0,0.8130955580208037,0.580618979409337,1.0,0.13693170635788535,0.5763132190331817,1.0,0.6242799918960643,0.4758454769228897,1.0,0.31298946396068295,0.3926007763172189,1.0
4.083333333333334,0.6919143862194486,0.40649678433934844,1.0,0.28166862181675295,0.4050634722225368,1.0,0.5899899727032509,0.7777246225935717,1.0,0.3453713802643763,0.7762913104767601,1.0,0.717395489598498,0.5096952567497888,1.0,0.20522531167960464,0.4967954476984837,1.0,0.8142236824388858,0.5813608625903726,1.0,0.13897444289407612,0.5813608625903726,1.0,0.6282116277718249,0.44662952361007535,1.0,0.31224594587161214,0.4122300328065952,1.0
4.125,0.693156060245302,0.4062513175110022,1.0,0.2774184360916231,0.4062513175110022,1.0,0.5962356325284934,0.7763980959231656,1.0,0.3462829505219871,0.7735287410517533,1.0,0.7186614359602517,0.48659325391054153,1.0,0.20600338408976426,0.5095480928818383,1.0,0.8181324012485551,0.5812819646671414,1.0,0.14223994480239022,0.5841513195385535,1.0,0.6293926209579279,0.4162940595609447,1.0,0.3182270372355427,0.43207551135371125,1.0
4.166666666666667,0.6898585719826781,0.40539960439006484,1.0,0.2763284010651671,0.40539960439006484,1.0,0.5954103230694194,0.7787254396826029,1.0,0.3478027515941196,0.775853702488045,1.0,0.7255957472471543,0.4700136912676194,1.0,0.2125120166643166,0.5231408293669424,1.0,0.8251493069124811,0.5805755732581019,1.0,0.1461429768874321,0.586319047647218,1.0,0.6337001537099296,0.3924767870145539,1.0,0.3222761978337794,0.45134739950299263,1.0
4.208333333333334,0.6873789650422554,0.4058565733333428,1.0,0.2818598714139726,0.4072911927166085,1.0,0.5981137557530108,0.7788576129823923,1.0,0.3481711697431259,0.7759883742158613,1.0,0.728185917860196,0.4546336323643725,1.0,0.22064944218706195,0.5277992209109168,1.0,0.8327537344561683,0.578010899325212,1.0,0.1492372747556663,0.5851839962415397,1.0,0.6389207085709513,0.3728603275182347,1.0,0.3303181278852768,0.4589374905141692,1.0
4.25,0.6835514456033707,0.40879491064697504,1.0,0.27964728242821163,0.4073569606989622,1.0,0.5991917153199514,0.7826618971303105,1.0,0.35122523539596134,0.778348047286272,1.0,0.7295658439397812,0.4418677594512701,1.0,0.2310765286286672,0.526706806384027,1.0,0.8394891288545396,0.5741591546684504,1.0,0.15182950927151573,0.5842248043045402,1.0,0.6375370472669601,0.3613425623625517,1.0,0.3409998135434257,0.4562472589313984,1.0
4.291666666666667,0.6820646480277733,0.4087428773442904,1.0,0.2781354586283366,0.4087428773442904,1.0,0.5976996907481441,0.7826330289244652,1.0,0.3522743604801318,0.7783189117908478,1.0,0.730638411309984,0.436065619190534,1.0,0.2423442646309183,0.5180338447292647,1.0,0.8431250210161563,0.5726793284217517,1.0,0.15286627963737193,0.5841836407780647,1.0,0.6360473986025208,0.3584115107854208,1.0,0.347161332766215,0.4490079705913863,1.0
4.333333333333334,0.6807264556855331,0.40408344442645705,1.0,0.27909135376965566,0.40552242364113533,1.0,0.5988645240848448,0.7825349778868258,1.0,0.350720543920258,0.7782180402427912,1.0,0.7370065336610065,0.43861894557873404,1.0,0.24839312941939737,0.5048119894539318,1.0,0.8470085042494316,0.5710050333291292,1.0,0.1537402710061014,0.5825168670465548,1.0,0.6372373045226674,0.35947508877143264,1.0,0.3481623585577365,0.43286302872002125,1.0
4.375,0.6786386436886258,0.4009888283908367,1.0,0.28209174010488725,0.4038669914007187,1.0,0.6018876300917732,0.7780281826853752,1.0,0.3511676523420546,0.7751500196754932,1.0,0.7477145559257932,0.45135668106377125,1.0,0.25650806890593636,0.4873337186872959,1.0,0.8500492407215966,0.5708004459738731,1.0,0.15417338411013284,0.58087401650846,1.0,0.6428215040100945,0.369329035282135,1.0,0.3486092852221595,0.40818423591554165,1.0
4.416666666666667,0.681459943085541,0.40671100576097774,1.0,0.28849391473664177,0.40527565901478124,1.0,0.6023563919243988,0.7784658130258322,1.0,0.3497353737001067,0.7755951195334396,1.0,0.7580117667898718,0.46986626259361697,1.0,0.2629766401685314,0.46986626259361697,1.0,0.8473222277782582,0.5732112283197544,1.0,0.15325235952565702,0.580387962050736,1.0,0.6508392136038085,0.3937928850452106,1.0,0.3497353737001067,0.38948684480662155,1.0
4.458333333333334,0.6864456677878346,0.40478602424263954,1.0,0.29323236993801455,0.40478602424263954,1.0,0.5996323422885236,0.7839559763669968,1.0,0.3519590313051953,0.7782109770923853,1.0,0.7681523270813035,0.498142262455076,1.0,0.26003903960004254,0.4564910177141428,1.0,0.8447523201689306,0.5756997526623309,1.0,0.15024571617444357,0.5785722522996366,1.0,0.6634656698615464,0.4248935217037797,1.0,0.3494056982022745,0.3746247780509293,1.0
4.5,0.701036834054523,0.40266292775049806,1.0,0.29723001446252995,0.40841334111367655,1.0,0.5988072594742716,0.7821902097202837,1.0,0.3534562804816683,0.7793150030386946,1.0,0.7828204937187242,0.5306096250812213,1.0,0.25633818463042934,0.44435342463354277,1.0,0.8390467597378625,0.5780505353274443,1.0,0.1489971313211653,0.5751753286458552,1.0,0.6754794404094601,0.467355078086257,1.0,0.35090054111716185,0.36241003420824813,1.0
4.541666666666667,0.7020976112948524,0.40208697908868396,1.0,0.3011196439648853,0.4092701032447318,1.0,0.5973836198265169,0.7856658090216417,1.0,0.3521996398030976,0.7827925593592227,1.0,0.791487604011724,0.5514959615344801,1.0,0.25259364791858335,0.43943922470013297,1.0,0.8297976008903833,0.5802284581586719,1.0,0.1478796564502481,0.573045334002624,1.0,0.6969896117110311,0.5026507172733545,1.0,0.34964564001118703,0.35324173482755816,1.0
4.583333333333334,0.7046650703306552,0.4029874478777249,1.0,0.3046923864770819,0.410198493860662,1.0,0.602107971906662,0.7822884665802121,1.0,0.35340700822847876,0.7779618389904499,1.0,0.7944025314516492,0.574610342271626,1.0,0.24572205488328575,0.44048488698899746,1.0,0.8302975159000469,0.5760525514682135,1.0,0.14829281138049233,0.5717259238784513,1.0,0.7174847076336542,0.5515349951262276,1.0,0.34571522584667924,0.35395233519375324,1.0
4.625,0.7047796161086473,0.40265257035692525,1.0,0.3045371373494466,0.406982116245975,1.0,0.6021533395037237,0.7778798807412386,1.0,0.35328461873678507,0.7749935168152056,1.0,0.794577608137955,0.5931525894751153,1.0,0.23783005755624645,0.4488343931734562,1.0,0.8074058927135703,0.5513003125476341,1.0,0.15059772244206174,0.5715048600298664,1.0,0.794577608137955,0.6075844091052809,1.0,0.3378906772460467,0.3622434753924608,1.0
4.666666666666667,0.7084295013804495,0.40187718346714973,1.0,0.29745850739655666,0.4047668231651187,1.0,0.603118184172077,0.7775303442031145,1.0,0.35653558778174127,0.7746407045051455,1.0,0.8060351124516241,0.6099312417209148,1.0,0.22553858344937558,0.46400443697348237,1.0,0.8008979750268254,0.5506936279125512,1.0,0.1536186595021943,0.5723659256473184,1.0,0.7495266007788387,0.6200449806638062,1.0,0.32828133194534875,0.37876006588339806,1.0
4.708333333333334,0.7100775506761339,0.4016355276107788,1.0,0.29124636120266384,0.4016355276107788,1.0,0.6047273741828071,0.7745366096496582,1.0,0.3554842736985948,0.7716459035873413,1.0,0.8128582106696235,0.6314466595649719,1.0,0.2167303827073839,0.48257529735565186,1.0,0.7974411116706001,0.5533975958824158,1.0,0.15506198671129015,0.5750778913497925,1.0,0.7897325621710883,0.6545723080635071,1.0,0.3169415262010362,0.395854115486145,1.0
4.75,0.7142367666518248,0.4019753749792775,1.0,0.2841648326979743,0.40342397056519985,1.0,0.6009244008196725,0.7742644405613344,1.0,0.35884798290552905,0.7742644405613344,1.0,0.8223985704006971,0.6525824113438528,1.0,0.2043311204071397,0.5004798748220005,1.0,0.7966457599842989,0.5584236982588966,1.0,0.15797606165762287,0.5772554408758879,1.0,0.7760435116511802,0.678657131890456,1.0,0.29961651894781327,0.422255713182191,1.0
4.791666666666667,0.7158507307370504,0.40234731510281563,1.0,0.2797931863201989,0.4008959401398897,1.0,0.5997407337029775,0.7738993056118488,1.0,0.35978007316589355,0.7724479306489229,1.0,0.8242200613021851,0.6708516832441092,1.0,0.19980629947450426,0.5242628119885921,1.0,0.7958376175827451,0.5605471860617399,1.0,0.1611029671298133,0.5794150605797768,1.0,0.7880969511138068,0.7042333073914051,1.0,0.28495363063282436,0.44733993895351887,1.0
4.833333333333334,0.7207633168609056,0.40346040623262525,1.0,0.28461188041133645,0.40200871881097555,1.0,0.6020475412592476,0.7736406987532973,1.0,0.3594544345949902,0.7721890113316476,1.0,0.8291559815406799,0.6865394534543157,1.0,0.189123104383916,0.5457257735542953,1.0,0.7930250933140884,0.566049397457391,1.0,0.16847688254014948,0.5820179590955377,1.0,0.79818664877503,0.7300900761038065,1.0,0.2665464362980406,0.47749646473675966,1.0
4.875,0.7209964035837737,0.40267071314156055,1.0,0.29035359069153127,0.4055717500547569,1.0,0.6075336265343209,0.7769044749438763,1.0,0.36255717608663773,0.7740034380306802,1.0,0.8293017816764338,0.7000269967441759,1.0,0.17689081364207798,0.5651287802805505,1.0,0.7931999889788806,0.5680298171937466,1.0,0.17689081364207798,0.5868865571295223,1.0,0.8009360874140703,0.75079514272511,1.0,0.24135830060199462,0.5085585604732235,1.0
4.916666666666667,0.7236258078504493,0.40199824795126915,1.0,0.2897972685319405,0.4063559006899595,1.0,0.6074217348187059,0.7767563834786415,1.0,0.36210202508502537,0.773851281652848,1.0,0.8295006299460377,0.7142966942240794,1.0,0.1735931955001973,0.5821145611504714,1.0,0.7933482516694953,0.570494153847297,1.0,0.18134013370231333,0.585019662976265,1.0,0.7985128771375726,0.7709461798270543,1.0,0.22007482471289444,0.5428956865022578,1.0
4.958333333333334,0.7227905138775154,0.4025534698739648,1.0,0.2940410931169251,0.40400631058340264,1.0,0.6117289169335068,0.7744806914900741,1.0,0.3611946168505116,0.7701221693617604,1.0,0.8261036273138023,0.7250841073691845,1.0,0.1519855621420307,0.5986869656480849,1.0,0.792526865447009,0.5725358328782022,1.0,0.1907279796806382,0.5638187886215746,1.0,0.7951096932829161,0.7861034171655774,1.0,0.1881451518447312,0.5812528771348298,1.0
5.0,0.7270753350522783,0.4015671145170927,1.0,0.29716921956450865,0.4059373950585723,1.0,0.613124316489255,0.7759544809038439,1.0,0.36450391235174945,0.7701274401818714,1.0,0.8228977824802752,0.7366219560305276,1.0,0.15732024223716184,0.6113405805081129,1.0,0.791820231963087,0.5749215759957829,1.0,0.19875697626007927,0.551613413107892,1.0,0.7944100278395193,0.7978058836112418,1.0,0.19098758863078225,0.6186243814105787,1.0
5.041666666666667,0.7288645715625199,0.4025274654850364,1.0,0.2971642716431323,0.4054356260846059,1.0,0.6151231751765734,0.7718638616303601,1.0,0.36437509678028257,0.7660475404312215,1.0,0.8193406823240681,0.7442363359344504,1.0,0.14723243095256658,0.6293639922514558,1.0,0.7934903649636258,0.5770171014592052,1.0,0.20410312914553982,0.5522977363628647,1.0,0.8012454601717585,0.8169403509236872,1.0,0.16274262136883205,0.6366343937503793,1.0
5.083333333333334,0.7235219566910354,0.40075722212592757,1.0,0.29797975001511745,0.4051093581753472,1.0,0.6152021222644382,0.7706887863265972,1.0,0.36503488561253483,0.7692380743101239,1.0,0.8163675290566902,0.7503788180959721,1.0,0.14065808572886912,0.6517304009757936,1.0,0.7931561359652766,0.5777440881356597,1.0,0.20771322132628633,0.5574341199050348,1.0,0.8008932669957479,0.8301679790019989,1.0,0.13292095469839774,0.6749417932393651,1.0
5.125,0.7253664949058014,0.39870942337438464,1.0,0.3015685022613148,0.4030437208712101,1.0,0.6149221695499656,0.7757933055981994,1.0,0.36834879201135506,0.7743485397659242,1.0,0.8152630388000865,0.7555665839463472,1.0,0.13461777788621415,0.6804387606680393,1.0,0.7895783119731479,0.5793051524087787,1.0,0.21167195836702982,0.563412728253752,1.0,0.804989148069311,0.8335839388892055,1.0,0.12691235983813243,0.7107788431458175,1.0
5.166666666666667,0.7289538620798675,0.3997126674900452,1.0,0.3003852643348554,0.4039920136953393,1.0,0.614837963272024,0.7762951335559289,1.0,0.3688548036195615,0.7734422360857327,1.0,0.8126388545389529,0.7634570949400465,1.0,0.13301527941668478,0.7035462480659287,1.0,0.7872797659149876,0.5822981055825949,1.0,0.2141643630133735,0.5680336182316144,1.0,0.8075670368141599,0.8419117753704388,1.0,0.13047937055428824,0.7406339151784778,1.0
5.208333333333334,0.7284960007226027,0.3994313714404901,1.0,0.30125687630088255,0.4008790943771601,1.0,0.6178256251193859,0.7758393349746864,1.0,0.36817384759585065,0.7729438891013463,1.0,0.8108553500087172,0.7671529973546665,1.0,0.1416856370590352,0.7251690321912367,1.0,0.7851180533568064,0.5832921843975782,1.0,0.2137500676843855,0.5717104009042184,1.0,0.8031341610131439,0.8438823129981756,1.0,0.1288169887330797,0.7714961661646764,1.0
5.25,0.7287430928813087,0.39998810226097703,1.0,0.30422315553382595,0.40288255627577507,1.0,0.6155377762553135,0.7777143511921167,1.0,0.3685443581622323,0.7733726701699197,1.0,0.8085013841405326,0.7675837621403236,1.0,0.14985226922565037,0.7429809030145407,1.0,0.7853457511943063,0.5837859322006504,1.0,0.21674631995919313,0.5765497971636553,1.0,0.8007828398251239,0.8457340205398698,1.0,0.13441518059483273,0.7936338482735057,1.0
5.291666666666667,0.7337328283875078,0.39962500209609675,1.0,0.30413158845018473,0.4039660325894754,1.0,0.6205444777453386,0.7787416651844978,1.0,0.3684431513150533,0.7758476448555789,1.0,0.8083342413107554,0.7700596041977406,1.0,0.16521861266206825,0.7541424923886857,1.0,0.7851820786794027,0.5848423031469188,1.0,0.21924032546855798,0.5790542624890804,1.0,0.8006168537669711,0.8453041327496371,1.0,0.14978383757449976,0.810575888802608,1.0
5.333333333333334,0.7320244577195909,0.3996383001406987,1.0,0.3057006299495697,0.402545053511858,1.0,0.6183381036475853,0.7775162383913994,1.0,0.3677113685343001,0.7760628617058196,1.0,0.80695410017614,0.7687959782779217,1.0,0.1739278104570177,0.7615290948500237,1.0,0.7837000732068662,0.5842171392093101,1.0,0.2256034259442931,0.5827637625237307,1.0,0.8017865386274126,0.847278319299221,1.0,0.16100890658519873,0.824024292329947,1.0
5.375,0.7332140516351769,0.398972270389398,1.0,0.3054064556404398,0.403269444902738,1.0,0.6211692050651269,0.7771236275633175,1.0,0.3690683002825137,0.775691236058871,1.0,0.8070617914199829,0.7699616700410843,1.0,0.18572218771334054,0.7642321040232976,1.0,0.7841435273488363,0.5851831659674644,1.0,0.23155871585563384,0.5837507744630177,1.0,0.7968758962772511,0.8473108112812042,1.0,0.17044334499924277,0.8344192877411842,1.0
5.416666666666667,0.735384538769722,0.3992964308708906,1.0,0.30405448377132416,0.40215082094073296,1.0,0.6186717003583908,0.781784700229764,1.0,0.367485374212265,0.7789303101599216,1.0,0.8038899004459381,0.7689399449154735,1.0,0.19749058783054352,0.7660855548456311,1.0,0.7861292511224747,0.5862589804455638,1.0,0.23554912209510803,0.5862589804455638,1.0,0.7937409579753876,0.8460084768012166,1.0,0.17972993850708008,0.8374453065916896,1.0
5.458333333333334,0.7378660374217563,0.3977050520479679,1.0,0.30637019872665405,0.40198828279972076,1.0,0.6236465507083468,0.7789125889539719,1.0,0.36982546912299263,0.7760571017861366,1.0,0.8013213078180949,0.7674906402826309,1.0,0.20737997690836588,0.7646351531147957,1.0,0.7860920429229736,0.5847394615411758,1.0,0.24037671751446194,0.5861672051250935,1.0,0.7886302537388272,0.8460165373980999,1.0,0.19215071201324463,0.8403055630624294,1.0
5.5,0.7403330124086804,0.3984421261896689,1.0,0.30583171712027657,0.40130068734288216,1.0,0.6234496230328526,0.7829186012968421,1.0,0.3718962415500925,0.7786307595670223,1.0,0.7987747070965943,0.765767234377563,1.0,0.21689870346475537,0.765767234377563,1.0,0.7860699908600913,0.5856778817251325,1.0,0.244849079185062,0.5856778817251325,1.0,0.7860699908600913,0.8429483855143189,1.0,0.20673493047555289,0.8400898243611059,1.0
5.541666666666667,0.7378304622791432,0.3966733465592066,1.0,0.3052395802957041,0.40094233552614844,1.0,0.6239907564940277,0.7794593572616577,1.0,0.3735434037667734,0.7766133646170299,1.0,0.7934854295518663,0.7666523903608322,1.0,0.2268166718659577,0.7638063977162044,1.0,0.7858961158328586,0.5873548537492752,1.0,0.24452507054364225,0.5859318574269612,1.0,0.7808365733535201,0.846340184410413,1.0,0.22175712938661934,0.8378022064765294,1.0
5.583333333333334,0.7403679401786238,0.39660417195409536,1.0,0.3038043078081106,0.4037014856003225,1.0,0.6242874367737478,0.7784396461211145,1.0,0.37698549473727205,0.7756007206626236,1.0,0.7908377242677004,0.7670839442871511,1.0,0.23567009928785726,0.7628255560994148,1.0,0.7857907458587928,0.5868121776729822,1.0,0.24576405610567262,0.5868121776729822,1.0,0.7706498106320699,0.8465738571248949,1.0,0.23567009928785726,0.8352181552909315,1.0
5.625,0.7398677468299866,0.39557538740336895,1.0,0.30867794156074524,0.4012489374727011,1.0,0.6289183232519362,0.7785400170832872,1.0,0.3792821202013228,0.7757032420486212,1.0,0.7852561473846436,0.767192916944623,1.0,0.24059534072875977,0.7629377543926239,1.0,0.7877777251932356,0.5870577022433281,1.0,0.24816007415453592,0.5870577022433281,1.0,0.7625619471073151,0.8452042303979397,1.0,0.24059534072875977,0.8338571302592754,1.0
5.666666666666667,0.7413378468266241,0.39614865680535627,1.0,0.30841778825830546,0.40042089422543836,1.0,0.6299432118733724,0.7792259454727173,1.0,0.37930528322855633,0.7749537080526352,1.0,0.7818449868096246,0.766409233212471,1.0,0.24259368578592935,0.7621369957923889,1.0,0.7869083793074998,0.5883993407090506,1.0,0.25272047078167936,0.5841271032889686,1.0,0.7565280243202491,0.8447335859139762,1.0,0.24765707828380457,0.8347650319337845,1.0
5.708333333333334,0.7445543960288717,0.3952391867836317,1.0,0.3097926599008066,0.3995295984980961,1.0,0.6276009465441292,0.7785159666091204,1.0,0.38098171610891085,0.7756556921328108,1.0,0.780148924132924,0.7656447314657271,1.0,0.2436885362789955,0.7599241825131078,1.0,0.7877763230123639,0.5883077139345307,1.0,0.25385840145158173,0.5840173022200663,1.0,0.7547242612014582,0.8443022795642416,1.0,0.2513159351584352,0.832861181659003,1.0
5.75,0.7446050986095712,0.3945742159460981,1.0,0.3105890745366062,0.3988572688152392,1.0,0.6329284608364105,0.7786212898790836,1.0,0.38419413125073476,0.7757659212996564,1.0,0.7826766796686031,0.7643444469819465,1.0,0.24459833403428397,0.7600613941128054,1.0,0.7902909958804096,0.5873115950574479,1.0,0.2547507556500257,0.5844562264780202,1.0,0.754757520225313,0.8400117143367729,1.0,0.2547507556500257,0.834300977177918,1.0
