time_s,left_shoulder_x,left_shoulder_y,left_shoulder_confidence,right_shoulder_x,right_shoulder_y,right_shoulder_confidence,left_hip_x,left_hip_y,left_hip_confidence,right_hip_x,right_hip_y,right_hip_confidence,left_wrist_x,left_wrist_y,left_wrist_confidence,right_wrist_x,right_wrist_y,right_wrist_confidence,left_elbow_x,left_elbow_y,left_elbow_confidence,right_elbow_x,right_elbow_y,right_elbow_confidence
0.0,0.7016741037368774,0.4096122980117798,0.9995043277740479,0.2996920347213745,0.40529492497444153,0.9972624778747559,0.5886116623878479,0.7463694214820862,0.9950876832008362,0.3455505073070526,0.7401376366615295,0.9899380207061768,0.7492935657501221,0.7979298233985901,0.9877558946609497,0.2005382478237152,0.7771816849708557,0.9316567778587341,0.7505228519439697,0.6036111116409302,0.994414210319519,0.20549428462982178,0.5871959328651428,0.9795844554901123
0.042,0.7001546025276184,0.4090332090854645,0.9997453093528748,0.2990054488182068,0.4057330787181854,0.999242901802063,0.5894428491592407,0.7559919953346252,0.9990553259849548,0.3455229699611664,0.7500423192977905,0.9987070560455322,0.7496044635772705,0.7939741015434265,0.9884598851203918,0.2013235092163086,0.7780236005783081,0.9376369118690491,0.7518352270126343,0.6023751497268677,0.9945780634880066,0.20762299001216888,0.5894569754600525,0.981169581413269
0.083,0.7031623721122742,0.4116594195365906,0.999723494052887,0.29711800813674927,0.4085760712623596,0.9988455772399902,0.594441831111908,0.7734977006912231,0.9983269572257996,0.3455401659011841,0.7660520672798157,0.9976733326911926,0.749706506729126,0.7954421639442444,0.9889917969703674,0.20245176553726196,0.7794734835624695,0.9426615834236145,0.7537255883216858,0.6053011417388916,0.9945940375328064,0.2085256576538086,0.5967093110084534,0.9825484752655029
0.125,0.7035897970199585,0.4129686951637268,0.9996860027313232,0.2964848577976227,0.4087787866592407,0.9980934262275696,0.5992634892463684,0.7784784436225891,0.9958141446113586,0.3460807800292969,0.7711498141288757,0.9936521053314209,0.7499783635139465,0.7956632375717163,0.9894230961799622,0.20710322260856628,0.7794926166534424,0.9464302062988281,0.7558153867721558,0.6052024364471436,0.9946457743644714,0.21004876494407654,0.5975475907325745,0.9835739731788635
0.167,0.7041976451873779,0.414009153842926,0.9996647834777832,0.2958187162876129,0.40959781408309937,0.9982495903968811,0.59980309009552,0.7799601554870605,0.9911996722221375,0.3464495837688446,0.7729756236076355,0.9881096482276917,0.7499842047691345,0.796211302280426,0.989585280418396,0.20899765193462372,0.7805802226066589,0.9488803148269653,0.7570978999137878,0.6048381924629211,0.9946540594100952,0.21084381639957428,0.5997885465621948,0.9842986464500427
0.208,0.704246997833252,0.41423299908638,0.9996941089630127,0.2952966094017029,0.410341739654541,0.9981220364570618,0.6022069454193115,0.7794208526611328,0.9954385161399841,0.3466227352619171,0.7724584341049194,0.9932994842529297,0.7504777312278748,0.7962125539779663,0.9901350736618042,0.21066388487815857,0.7805651426315308,0.9525468349456787,0.7577126026153564,0.6048237681388855,0.9947917461395264,0.2114434540271759,0.6010048389434814,0.9852889180183411
0.25,0.7043373584747314,0.41447192430496216,0.9996441602706909,0.29469922184944153,0.4105246365070343,0.9982466697692871,0.6028307676315308,0.7814885973930359,0.9961038827896118,0.34737399220466614,0.7739529609680176,0.9947488903999329,0.7505267262458801,0.7969564199447632,0.9905911684036255,0.21255332231521606,0.7810313701629639,0.9560390114784241,0.758697509765625,0.6049472093582153,0.9948012828826904,0.21252375841140747,0.6012756824493408,0.9862456917762756
0.292,0.7045651078224182,0.41466930508613586,0.9996627569198608,0.29468652606010437,0.41061899065971375,0.9987832903862,0.6037824749946594,0.7805602550506592,0.9949946403503418,0.3481193780899048,0.7740007638931274,0.9941902160644531,0.7506985664367676,0.7970815896987915,0.9909456968307495,0.2125306874513626,0.7804421782493591,0.9593414068222046,0.7595932483673096,0.6048423647880554,0.9948006272315979,0.2129029929637909,0.6010818481445312,0.9871242046356201
0.333,0.7051919102668762,0.4147154688835144,0.9997220635414124,0.2946816682815552,0.4106391966342926,0.9989855885505676,0.6038007736206055,0.78238445520401,0.9938492178916931,0.3481478989124298,0.7753859758377075,0.9930360913276672,0.7507146000862122,0.7980950474739075,0.9911466836929321,0.21255330741405487,0.7799206972122192,0.9617950320243835,0.7600677013397217,0.6047835350036621,0.9948297142982483,0.21353739500045776,0.6008932590484619,0.9877984523773193
0.375,0.7059265971183777,0.4140673577785492,0.9997925162315369,0.2955430746078491,0.41037115454673767,0.9986244440078735,0.6042711734771729,0.7818544507026672,0.9976193308830261,0.34831565618515015,0.7753489017486572,0.9962485432624817,0.7506721019744873,0.7971010208129883,0.9916221499443054,0.21237912774085999,0.7791123986244202,0.9645897746086121,0.7603349089622498,0.6044115424156189,0.9949281811714172,0.21447837352752686,0.5982591509819031,0.9884313344955444
0.417,0.7070311307907104,0.413373738527298,0.9997345805168152,0.29562273621559143,0.4098144769668579,0.9985302686691284,0.6043745279312134,0.7814798951148987,0.9972688555717468,0.34843388199806213,0.7750822901725769,0.9958330988883972,0.7506340146064758,0.7967755198478699,0.9917616844177246,0.2110704481601715,0.7761629819869995,0.9666088819503784,0.7631442546844482,0.600588321685791,0.9947745203971863,0.21458961069583893,0.5955723524093628,0.9888075590133667
0.458,0.7091460824012756,0.4134095013141632,0.9995119571685791,0.2955992519855499,0.40981167554855347,0.9980631470680237,0.603611409664154,0.7811561226844788,0.99379563331604,0.34764179587364197,0.774970293045044,0.9925544857978821,0.7506234645843506,0.7940666675567627,0.9918591976165771,0.21128512918949127,0.7747918963432312,0.9684697389602661,0.7644452452659607,0.6004807353019714,0.9947041273117065,0.21547482907772064,0.5951763987541199,0.9893750548362732
0.5,0.7092634439468384,0.41231921315193176,0.9998251795768738,0.2952113151550293,0.40981680154800415,0.9989929795265198,0.6038627624511719,0.7809841632843018,0.9986525774002075,0.3477335572242737,0.7761101126670837,0.9978846907615662,0.7509265542030334,0.7873416543006897,0.9923328757286072,0.20978526771068573,0.7747063636779785,0.9708814024925232,0.766319990158081,0.5975251793861389,0.9948663711547852,0.21459051966667175,0.5954645872116089,0.9900680184364319
0.542,0.7092888355255127,0.4113776981830597,0.9997357726097107,0.29516124725341797,0.40954479575157166,0.9986492991447449,0.603858232498169,0.780491054058075,0.9959088563919067,0.34783947467803955,0.7760156989097595,0.9944683313369751,0.7504518032073975,0.7835690379142761,0.992315948009491,0.20757104456424713,0.7742159962654114,0.9720642566680908,0.7689442038536072,0.5959815979003906,0.9947384595870972,0.2134326696395874,0.593024730682373,0.9905082583427429
0.583,0.7095218896865845,0.4112713634967804,0.9997691512107849,0.29504385590553284,0.40794217586517334,0.9991421699523926,0.6038019061088562,0.7799824476242065,0.9977837204933167,0.34762659668922424,0.7755327820777893,0.9971302151679993,0.7505310773849487,0.7808507084846497,0.9926136136054993,0.20617049932479858,0.7668479681015015,0.9739528894424438,0.7725552320480347,0.5954416394233704,0.994823157787323,0.21001321077346802,0.5875208973884583,0.991080105304718
0.625,0.7095748782157898,0.4112755060195923,0.999716579914093,0.29454004764556885,0.4073609411716461,0.9989460110664368,0.6050469875335693,0.7799398303031921,0.9972109198570251,0.3496646285057068,0.77533358335495,0.9963952898979187,0.7505384087562561,0.7757680416107178,0.9926968216896057,0.2044668346643448,0.7595216035842896,0.9755715131759644,0.7755336165428162,0.5942147374153137,0.9948233962059021,0.20608240365982056,0.5819663405418396,0.9916306138038635
0.667,0.7094507813453674,0.4101770222187042,0.9998462200164795,0.29452475905418396,0.40687477588653564,0.9990013241767883,0.6044033765792847,0.7767804861068726,0.9968005418777466,0.34836792945861816,0.7726541757583618,0.9953369498252869,0.7509505748748779,0.7630691528320312,0.9929842948913574,0.1980639100074768,0.7525050640106201,0.9767816066741943,0.7790734767913818,0.5888729095458984,0.9949135780334473,0.20474645495414734,0.5779895186424255,0.9919270873069763
0.708,0.7094106674194336,0.40915659070014954,0.9998835325241089,0.2945115864276886,0.4052201807498932,0.9994650483131409,0.6042838096618652,0.7738966941833496,0.9983248114585876,0.34797799587249756,0.7707847356796265,0.9976924657821655,0.7536552548408508,0.7428587675094604,0.993447482585907,0.1934288740158081,0.7431703209877014,0.9786732196807861,0.7849062085151672,0.5777783989906311,0.9952559471130371,0.20144517719745636,0.5714454650878906,0.9924902319908142
0.75,0.7094290852546692,0.40729188919067383,0.9999182224273682,0.2949293553829193,0.40457436442375183,0.9994282126426697,0.6042904853820801,0.7681888937950134,0.9981279969215393,0.3479192554950714,0.765704870223999,0.9972741007804871,0.7538329362869263,0.7370826005935669,0.9939699769020081,0.18929526209831238,0.7310003042221069,0.9803966283798218,0.7869976162910461,0.5741409659385681,0.9956291913986206,0.1999659538269043,0.5659107565879822,0.9930161833763123
0.792,0.7082840800285339,0.4059363603591919,0.9999656081199646,0.29642921686172485,0.40344297885894775,0.9996309280395508,0.6044171452522278,0.7627357840538025,0.9993131160736084,0.3481505811214447,0.7602466344833374,0.9986189603805542,0.7538788318634033,0.7200530767440796,0.9945154786109924,0.18445976078510284,0.712232768535614,0.9820623397827148,0.7896239757537842,0.5648370385169983,0.9959995150566101,0.1968204528093338,0.5570439696311951,0.9934037327766418
0.833,0.7083009481430054,0.4027790427207947,0.9999521970748901,0.2983328104019165,0.40100106596946716,0.9994590878486633,0.6043685078620911,0.7542048096656799,0.9986175298690796,0.3485546410083771,0.7514244318008423,0.9970711469650269,0.7540470361709595,0.7004135251045227,0.9949445128440857,0.18440848588943481,0.6974496245384216,0.9833595156669617,0.7910709381103516,0.5572323203086853,0.9962842464447021,0.19691890478134155,0.5480931997299194,0.9934993386268616
0.875,0.7072617411613464,0.4014591574668884,0.999967098236084,0.2982403039932251,0.4008299708366394,0.9994860887527466,0.6043879389762878,0.7449327111244202,0.9986248016357422,0.34963393211364746,0.7431690096855164,0.9974581599235535,0.7561308741569519,0.6797561645507812,0.9953815340995789,0.18459521234035492,0.684293270111084,0.9845916628837585,0.7922624349594116,0.5469844341278076,0.9965983629226685,0.19697719812393188,0.5415804982185364,0.9937166571617126
0.917,0.7063936591148376,0.4010258615016937,0.9999387264251709,0.29829758405685425,0.4007532596588135,0.999583899974823,0.6037391424179077,0.7392862439155579,0.9990383386611938,0.35173386335372925,0.7368964552879333,0.998211145401001,0.7561213374137878,0.6531936526298523,0.9956980347633362,0.1847391426563263,0.6771669387817383,0.9857906699180603,0.792989194393158,0.5392884612083435,0.9967915415763855,0.1940595507621765,0.5373410582542419,0.993916928768158
0.958,0.7059822678565979,0.40050312876701355,0.999958872795105,0.29856717586517334,0.40025070309638977,0.9995430707931519,0.6005428433418274,0.737808883190155,0.9985836744308472,0.35176175832748413,0.7349416017532349,0.9975165128707886,0.7567973732948303,0.6350416541099548,0.9960921406745911,0.18759037554264069,0.6540955305099487,0.9870191812515259,0.7968794107437134,0.5378412008285522,0.9970818758010864,0.1932380646467209,0.5322964787483215,0.994271457195282
1.0,0.7044991254806519,0.40131068229675293,0.9999330043792725,0.2986506223678589,0.4000842273235321,0.9992510676383972,0.5980632305145264,0.7361390590667725,0.9980022311210632,0.35364830493927,0.7325305938720703,0.9964334964752197,0.7569223046302795,0.6193368434906006,0.996401846408844,0.1972094625234604,0.6245633959770203,0.9877572655677795,0.7976368069648743,0.5371294617652893,0.9973074793815613,0.19331756234169006,0.5228078961372375,0.9942472577095032
1.042,0.7042433023452759,0.4028773009777069,0.9997527003288269,0.29863622784614563,0.40292003750801086,0.997602641582489,0.5965877771377563,0.7364289164543152,0.993634819984436,0.3573107421398163,0.7314596772193909,0.989212155342102,0.7562013864517212,0.6054978370666504,0.9962611794471741,0.20280520617961884,0.6121701598167419,0.9856528043746948,0.7975476980209351,0.5389794111251831,0.9971863031387329,0.19143883883953094,0.5270617604255676,0.9923592805862427
1.083,0.7031066417694092,0.40356430411338806,0.9992127418518066,0.29692572355270386,0.40503716468811035,0.9967376589775085,0.5954659581184387,0.7369999885559082,0.9785603880882263,0.3581834137439728,0.7325599789619446,0.9729362726211548,0.7448880076408386,0.5863990783691406,0.9952785968780518,0.20515647530555725,0.5937410593032837,0.9797646999359131,0.7973881959915161,0.5482162237167358,0.9890255331993103,0.19059103727340698,0.5293547511100769,0.9864509105682373
1.125,0.7026624083518982,0.4034600257873535,0.9998226761817932,0.2967672049999237,0.4071486294269562,0.9985350370407104,0.5934141278266907,0.7396033406257629,0.9929161071777344,0.3573038578033447,0.7381267547607422,0.9896915555000305,0.7482942938804626,0.574505627155304,0.9955951571464539,0.2146809995174408,0.5796483159065247,0.9820365309715271,0.7963741421699524,0.5521346926689148,0.9969265460968018,0.18302272260189056,0.5393912196159363,0.9901803731918335
1.167,0.7007763385772705,0.40339985489845276,0.9999295473098755,0.2955634593963623,0.40704256296157837,0.9996259212493896,0.592129111289978,0.7435064911842346,0.9970493316650391,0.3550713360309601,0.7415520548820496,0.9964427351951599,0.7469322681427002,0.5746687650680542,0.9960041642189026,0.22114253044128418,0.569254994392395,0.9837796688079834,0.7948644161224365,0.5554107427597046,0.9972127079963684,0.18003304302692413,0.5487037301063538,0.9910655617713928
1.208,0.7005395293235779,0.4032145142555237,0.9999290704727173,0.29264190793037415,0.40778717398643494,0.9996315240859985,0.5913292169570923,0.7498165965080261,0.9969504475593567,0.3536212146282196,0.7481690645217896,0.9964184761047363,0.7451441287994385,0.5678085088729858,0.9963831305503845,0.23184701800346375,0.5531787872314453,0.9853798151016235,0.7946202158927917,0.5592085123062134,0.9974753260612488,0.17934943735599518,0.5605611801147461,0.9919003844261169
1.25,0.6994993090629578,0.40311309695243835,0.9999535083770752,0.2925189733505249,0.4070531725883484,0.9998522996902466,0.5908753871917725,0.7534500956535339,0.9973395466804504,0.35276517271995544,0.7500446438789368,0.9971201419830322,0.7424457669258118,0.5530055165290833,0.9967304468154907,0.24078328907489777,0.5366284251213074,0.9868289232254028,0.7948479652404785,0.5635565519332886,0.9977165460586548,0.17149120569229126,0.5655485987663269,0.9926795363426208
1.292,0.6978607773780823,0.4031786322593689,0.9999686479568481,0.2925249934196472,0.4069533348083496,0.9998645782470703,0.5907578468322754,0.7545947432518005,0.9987736344337463,0.3513311445713043,0.7505223751068115,0.9982509016990662,0.7396957278251648,0.5450131297111511,0.997047483921051,0.2567770183086395,0.5217194557189941,0.9881384372711182,0.7979347705841064,0.5647189021110535,0.9979369044303894,0.16621221601963043,0.5667599439620972,0.9933894276618958
1.333,0.6973468065261841,0.4031848907470703,0.9999666213989258,0.2915431559085846,0.40710577368736267,0.9999172687530518,0.5907599925994873,0.7562568187713623,0.9990289211273193,0.34996873140335083,0.7514024376869202,0.9989018440246582,0.7378795146942139,0.5312991738319397,0.9973353743553162,0.2612764239311218,0.5145862102508545,0.9893196225166321,0.802466869354248,0.5684863328933716,0.9981369376182556,0.16108936071395874,0.5738831758499146,0.9940348267555237
1.375,0.6941691040992737,0.40317171812057495,0.9999223947525024,0.2868594527244568,0.40827006101608276,0.9998162388801575,0.5907535552978516,0.756768524646759,0.9986677169799805,0.3477715253829956,0.752192497253418,0.9985105395317078,0.7236101627349854,0.5143997669219971,0.9975939393043518,0.2620752453804016,0.5085723400115967,0.9903824329376221,0.804044783115387,0.5692921280860901,0.9983170032501221,0.15846045315265656,0.5809580087661743,0.9946130514144897
1.417,0.6928853392601013,0.40309420228004456,0.9999498128890991,0.2858389616012573,0.40824416279792786,0.9998815059661865,0.5910912752151489,0.7566690444946289,0.9990944862365723,0.3453276753425598,0.7521241903305054,0.9990610480308533,0.7182145714759827,0.5052182078361511,0.9978311657905579,0.2732387185096741,0.4972432553768158,0.9913415312767029,0.8063441514968872,0.5696155428886414,0.9984825849533081,0.15831172466278076,0.5845566391944885,0.9951414465904236
1.458,0.6913017630577087,0.40325698256492615,0.9999282360076904,0.28587281703948975,0.40746963024139404,0.9998101592063904,0.5920144319534302,0.756594181060791,0.9986695051193237,0.344964861869812,0.7520736455917358,0.9985223412513733,0.70167475938797,0.488498717546463,0.9980438947677612,0.28661811351776123,0.4847101867198944,0.9922023415565491,0.807887852191925,0.5712808966636658,0.9986310005187988,0.15753261744976044,0.5865775942802429,0.9956121444702148
1.5,0.6881956458091736,0.40343815088272095,0.999911904335022,0.2865356504917145,0.405966192483902,0.9998154044151306,0.5922768712043762,0.7574309706687927,0.9988572597503662,0.34491628408432007,0.7527669072151184,0.998816967010498,0.6959232687950134,0.4756687879562378,0.9982368350028992,0.29012784361839294,0.48206713795661926,0.9929784536361694,0.8090498447418213,0.5750250220298767,0.9987651705741882,0.15681669116020203,0.5868453979492188,0.9960395693778992
1.542,0.6796592473983765,0.39750775694847107,0.9998568296432495,0.28657180070877075,0.4024111330509186,0.9996844530105591,0.5933031439781189,0.756068229675293,0.9986629486083984,0.3449191451072693,0.751965343952179,0.9985791444778442,0.6894693374633789,0.46133390069007874,0.9984086155891418,0.2939901649951935,0.479347825050354,0.993674099445343,0.809563159942627,0.5753422975540161,0.9988842010498047,0.15465809404850006,0.5866675972938538,0.9964161515235901
1.583,0.6756696701049805,0.38945087790489197,0.9998999834060669,0.28660136461257935,0.3975414037704468,0.9996073842048645,0.5941736698150635,0.754709780216217,0.9985226988792419,0.34518128633499146,0.7512023448944092,0.9981191754341125,0.6899100542068481,0.4499222934246063,0.9985647201538086,0.29126229882240295,0.47910600900650024,0.9942987561225891,0.8116750717163086,0.5752894878387451,0.9989922642707825,0.14832744002342224,0.585881233215332,0.9967507719993591
1.625,0.6747028231620789,0.3899611830711365,0.9998546838760376,0.28624412417411804,0.39709028601646423,0.9995081424713135,0.5943647623062134,0.7559857964515686,0.9989769458770752,0.344765841960907,0.7517101764678955,0.9986542463302612,0.6914637088775635,0.43977153301239014,0.9987054467201233,0.2850598990917206,0.48195549845695496,0.9948611259460449,0.8130331635475159,0.5751311182975769,0.999089241027832,0.14428097009658813,0.5856965780258179,0.9970518946647644
1.667,0.6736099123954773,0.39610153436660767,0.9998810291290283,0.28582578897476196,0.39720648527145386,0.999772846698761,0.5944408178329468,0.7597835659980774,0.9995633959770203,0.3437458276748657,0.7575711011886597,0.9995042681694031,0.6925995349884033,0.4310828149318695,0.9988319873809814,0.2693535387516022,0.4844544231891632,0.9953680038452148,0.8153350353240967,0.5750159025192261,0.9991757869720459,0.13979403674602509,0.5852943658828735,0.9973277449607849
1.708,0.6737868785858154,0.4015047252178192,0.999890923500061,0.2851795256137848,0.39941951632499695,0.9998180270195007,0.5944454073905945,0.7630043625831604,0.9996054768562317,0.3416385352611542,0.7593165636062622,0.9995517134666443,0.6949643492698669,0.42703482508659363,0.9989475011825562,0.2424977570772171,0.4975261688232422,0.9958280324935913,0.8202722668647766,0.5750321745872498,0.999256432056427,0.1352207362651825,0.5847179293632507,0.9975839257240295
1.75,0.6748372316360474,0.4045497179031372,0.9999305009841919,0.28496256470680237,0.4051620662212372,0.9997840523719788,0.5943912267684937,0.7654427886009216,0.9996407628059387,0.3415919542312622,0.7605029940605164,0.9995031356811523,0.7048342227935791,0.43275174498558044,0.9990500211715698,0.22858470678329468,0.5098696947097778,0.9962361454963684,0.8250094056129456,0.5753430724143982,0.9993269443511963,0.12855280935764313,0.5844067335128784,0.9977990388870239
1.792,0.6803615689277649,0.40366479754447937,0.9999616146087646,0.2850390076637268,0.40512022376060486,0.999829888343811,0.594268798828125,0.7655147910118103,0.9996103644371033,0.34173375368118286,0.7603434324264526,0.9994118213653564,0.7138529419898987,0.4378674328327179,0.9991435408592224,0.21002347767353058,0.5258489847183228,0.996605634689331,0.8304210305213928,0.5782185196876526,0.9993924498558044,0.12816840410232544,0.5797916054725647,0.9979977607727051
1.833,0.6909137964248657,0.4035857021808624,0.9999414682388306,0.28521984815597534,0.40588700771331787,0.9998939037322998,0.594279408454895,0.765266478061676,0.9992340803146362,0.3421545922756195,0.7598773837089539,0.9992990493774414,0.7248141765594482,0.4618709683418274,0.9992274045944214,0.20082783699035645,0.5350898504257202,0.9969399571418762,0.83360755443573,0.5817915797233582,0.9994508028030396,0.127324640750885,0.5760504007339478,0.9981833100318909
1.875,0.7024714946746826,0.4067597985267639,0.9999797940254211,0.28623032569885254,0.40675464272499084,0.9999480247497559,0.5946495532989502,0.7645874619483948,0.9993982315063477,0.3427671492099762,0.7595319747924805,0.9994220733642578,0.74444180727005,0.48908746242523193,0.9993035197257996,0.19601497054100037,0.5393913984298706,0.9972437024116516,0.8337333798408508,0.583441972732544,0.9995043277740479,0.1275339275598526,0.5738142728805542,0.9983580708503723
1.917,0.7080841660499573,0.4083418548107147,0.9999725818634033,0.28619110584259033,0.40818700194358826,0.9999312162399292,0.5950786471366882,0.7646358013153076,0.9981489181518555,0.34315645694732666,0.7602347731590271,0.9981890320777893,0.7644030451774597,0.5136575102806091,0.9993705749511719,0.20066159963607788,0.5381155014038086,0.9975161552429199,0.8346998691558838,0.5841129422187805,0.9995508193969727,0.12769173085689545,0.5737522840499878,0.9985089898109436
1.958,0.7069870233535767,0.4097994565963745,0.999982476234436,0.2859686613082886,0.4082324206829071,0.999908447265625,0.5951130390167236,0.7654646039009094,0.998528003692627,0.343457967042923,0.7607882022857666,0.997929573059082,0.7819561958312988,0.5372228622436523,0.9994286298751831,0.2033081203699112,0.5352805256843567,0.9977600574493408,0.8345085382461548,0.5849494338035583,0.9995912313461304,0.12668673694133759,0.5735589861869812,0.9986403584480286
2.0,0.707392692565918,0.4123229384422302,0.9999786615371704,0.2837308645248413,0.4096404016017914,0.9998800754547119,0.5943575501441956,0.7695920467376709,0.998262345790863,0.34153857827186584,0.7649518251419067,0.9978622794151306,0.7891002297401428,0.5588168501853943,0.9994823932647705,0.2048049420118332,0.526054322719574,0.9979817271232605,0.829723596572876,0.5848972797393799,0.9996280670166016,0.12564468383789062,0.5766220092773438,0.9987631440162659
2.042,0.706007719039917,0.41473981738090515,0.9999511241912842,0.2841854691505432,0.4100002348423004,0.9998338222503662,0.5923290252685547,0.7731560468673706,0.9968229532241821,0.339277982711792,0.7676446437835693,0.996682345867157,0.7854620218276978,0.5732654929161072,0.9995232224464417,0.21795469522476196,0.5081048607826233,0.9981802105903625,0.8292077779769897,0.5858217477798462,0.9996575117111206,0.12578928470611572,0.5792208313941956,0.9988701939582825
2.083,0.7028488516807556,0.4153646230697632,0.9999850392341614,0.2842070162296295,0.4115722179412842,0.9999529123306274,0.5916473269462585,0.7747898697853088,0.9989455342292786,0.3368937075138092,0.769612729549408,0.998699426651001,0.7825913429260254,0.5805832147598267,0.9995676279067993,0.2336340993642807,0.4885541796684265,0.998360812664032,0.8233314156532288,0.5860106945037842,0.9996889233589172,0.12592782080173492,0.5812994837760925,0.9989757537841797
2.125,0.6971280574798584,0.4157274663448334,0.9999699592590332,0.28462812304496765,0.4119819700717926,0.9999054670333862,0.5876900553703308,0.7745566964149475,0.9982773065567017,0.3351421654224396,0.7698243260383606,0.9981226325035095,0.7806146740913391,0.583426296710968,0.9996019601821899,0.24672621488571167,0.46079182624816895,0.9985228180885315,0.8210660815238953,0.5862590074539185,0.9997146725654602,0.1260792762041092,0.581325352191925,0.9990677833557129
2.167,0.6960023641586304,0.4168449342250824,0.9999857544898987,0.28574156761169434,0.41297245025634766,0.9999303817749023,0.5874589681625366,0.7756340503692627,0.9989765882492065,0.3349809944629669,0.7721570134162903,0.9987278580665588,0.7788739800453186,0.5823808908462524,0.9996374845504761,0.2522391676902771,0.442762553691864,0.9986692070960999,0.8164651393890381,0.5862040519714355,0.999739944934845,0.1295807957649231,0.5812579989433289,0.9991528391838074
2.208,0.6939938068389893,0.4167596995830536,0.9999799728393555,0.2897157371044159,0.4135916531085968,0.999894380569458,0.5874755382537842,0.7754572033882141,0.9992591738700867,0.3350015878677368,0.771986722946167,0.9990766048431396,0.7780425548553467,0.5767532587051392,0.9996708631515503,0.2545931935310364,0.43217796087265015,0.9988009929656982,0.8130057454109192,0.5863301157951355,0.9997632503509521,0.12977811694145203,0.5797081589698792,0.9992312788963318
2.25,0.6921941637992859,0.4166848361492157,0.9999799728393555,0.29244834184646606,0.4136959910392761,0.9999256134033203,0.5874012112617493,0.7750073671340942,0.9993758797645569,0.3349461257457733,0.7701796293258667,0.999275267124176,0.7687636613845825,0.5640367269515991,0.9997010231018066,0.25510168075561523,0.42537012696266174,0.9989193081855774,0.8108816146850586,0.5876736640930176,0.9997843503952026,0.12970682978630066,0.5750380158424377,0.9993030428886414
2.292,0.6910691857337952,0.416521817445755,0.9999871253967285,0.2928018271923065,0.41375771164894104,0.999947190284729,0.5878450870513916,0.7719217538833618,0.999504804611206,0.33492565155029297,0.7663670182228088,0.9993539452552795,0.7546709179878235,0.530491292476654,0.9997296333312988,0.2547554075717926,0.4256305992603302,0.9990258812904358,0.8087219595909119,0.5877009034156799,0.9998045563697815,0.12922903895378113,0.5731006860733032,0.9993689656257629
2.333,0.6910504102706909,0.4164678752422333,0.9999479055404663,0.29194405674934387,0.41392695903778076,0.9997966885566711,0.5893014669418335,0.7702586054801941,0.9991317391395569,0.3349321782588959,0.7652180194854736,0.9990103244781494,0.7465651631355286,0.5070720314979553,0.9997546076774597,0.2543219029903412,0.42889973521232605,0.9991205930709839,0.8056366443634033,0.5883763432502747,0.999821126461029,0.12724322080612183,0.573006808757782,0.9994249939918518
2.375,0.6894112229347229,0.41597819328308105,0.9999194145202637,0.29072490334510803,0.4144264757633209,0.9994956254959106,0.5916293263435364,0.7670315504074097,0.9993995428085327,0.3358422517776489,0.7627865672111511,0.9990087747573853,0.7364351153373718,0.48472827672958374,0.9997727274894714,0.25099340081214905,0.43359705805778503,0.9991911053657532,0.8052078485488892,0.5886731743812561,0.9996877908706665,0.12192140519618988,0.5729944109916687,0.999153733253479
2.417,0.6878108978271484,0.4107232093811035,0.9999449253082275,0.2886463701725006,0.41336917877197266,0.9998458623886108,0.5929892659187317,0.7654758095741272,0.9996217489242554,0.33596572279930115,0.7613164186477661,0.9995724558830261,0.7233372330665588,0.46641987562179565,0.9997941255569458,0.24312111735343933,0.44852516055107117,0.9992687702178955,0.8050509691238403,0.5900329351425171,0.9998453259468079,0.11781901866197586,0.5754885673522949,0.9994977712631226
2.458,0.6873589158058167,0.40533924102783203,0.9999412298202515,0.2874218821525574,0.41006794571876526,0.9998635053634644,0.5929923057556152,0.7646055817604065,0.9996227025985718,0.3354267477989197,0.7600916028022766,0.999579131603241,0.7156441807746887,0.45027586817741394,0.999813973903656,0.23713666200637817,0.47208189964294434,0.9993399977684021,0.8050538301467896,0.5899052619934082,0.999859631061554,0.11732080578804016,0.5789002776145935,0.9995405673980713
2.5,0.6840006709098816,0.4055570662021637,0.9998956918716431,0.2811964452266693,0.40778473019599915,0.9997708201408386,0.5928428769111633,0.7648592591285706,0.9995829463005066,0.3352363407611847,0.7615025639533997,0.9995287656784058,0.7106071710586548,0.44195157289505005,0.9998309016227722,0.21752946078777313,0.49464741349220276,0.9994015693664551,0.8049426078796387,0.5895650386810303,0.9998709559440613,0.11744913458824158,0.5825173854827881,0.9995723366737366
2.542,0.6818710565567017,0.4093537926673889,0.9998986721038818,0.27725300192832947,0.40932750701904297,0.9997060894966125,0.5922203660011292,0.7696500420570374,0.9995681643486023,0.3345201909542084,0.765548825263977,0.9994392991065979,0.7123780846595764,0.43562036752700806,0.9998465180397034,0.21215219795703888,0.5096449255943298,0.9994571208953857,0.8049503564834595,0.5894609093666077,0.9998812675476074,0.11750975996255875,0.5869774222373962,0.9995987415313721
2.583,0.6811230182647705,0.41029196977615356,0.9999643564224243,0.27719900012016296,0.41097506880760193,0.9999001026153564,0.5921794176101685,0.7726097702980042,0.9998449087142944,0.33451974391937256,0.7674667835235596,0.9997952580451965,0.7131956219673157,0.4326113164424896,0.9998611211776733,0.20573991537094116,0.5225092768669128,0.999508798122406,0.8056321144104004,0.5883931517601013,0.9998919367790222,0.11868724226951599,0.5866633653640747,0.9996306300163269
2.625,0.6807218790054321,0.4105335772037506,0.9999617338180542,0.27726250886917114,0.4112635850906372,0.9998941421508789,0.5922658443450928,0.7735840678215027,0.9998329877853394,0.33454570174217224,0.768916666507721,0.9997774958610535,0.7137140035629272,0.43226131796836853,0.9998739957809448,0.2029275745153427,0.5275578498840332,0.999554455280304,0.8058525323867798,0.5874271392822266,0.9999011158943176,0.12061791867017746,0.5864831805229187,0.9996572732925415
2.667,0.6798856258392334,0.4105845093727112,0.9999483823776245,0.27678531408309937,0.4119642972946167,0.9997987151145935,0.5922257900238037,0.7734875082969666,0.9997877478599548,0.33454692363739014,0.7688549160957336,0.9996620416641235,0.7156676650047302,0.43836304545402527,0.9998840689659119,0.20393073558807373,0.5281078815460205,0.9995903372764587,0.8076107501983643,0.5863527655601501,0.9999067187309265,0.12141942977905273,0.5862900018692017,0.9996663331985474
2.708,0.6817044615745544,0.41030025482177734,0.9999439716339111,0.27655038237571716,0.412465363740921,0.9998015761375427,0.592351496219635,0.7730667591094971,0.9995379447937012,0.33459949493408203,0.7678163647651672,0.9993189573287964,0.7214585542678833,0.4402114152908325,0.9998927116394043,0.20414884388446808,0.526833713054657,0.9996225237846375,0.8089481592178345,0.586712658405304,0.9998818635940552,0.12178406119346619,0.5860947966575623,0.9996760487556458
2.75,0.6817662119865417,0.410309761762619,0.9999493360519409,0.2755790054798126,0.4133298397064209,0.9998468160629272,0.5926133394241333,0.7729895114898682,0.9994173049926758,0.3348936438560486,0.7680639624595642,0.9992802739143372,0.7358540296554565,0.4666426181793213,0.9999011754989624,0.2097444236278534,0.5229020118713379,0.9996564388275146,0.809471070766449,0.586710512638092,0.9999017715454102,0.12185602635145187,0.5873075127601624,0.9996933341026306
2.792,0.6872377991676331,0.4113578498363495,0.9999737739562988,0.2764676809310913,0.41328370571136475,0.9998718500137329,0.5925780534744263,0.7719429731369019,0.9993758797645569,0.3348185420036316,0.7669328451156616,0.9991445541381836,0.7506266832351685,0.4913637340068817,0.9999098181724548,0.2230016440153122,0.5077911019325256,0.9996886849403381,0.8108239769935608,0.5872575640678406,0.9999217391014099,0.12164395302534103,0.5882130861282349,0.999714732170105
2.833,0.69057297706604,0.41174620389938354,0.9999572038650513,0.2773664891719818,0.4122183918952942,0.9997523427009583,0.5950243473052979,0.7713539600372314,0.9988822340965271,0.3353487253189087,0.7667058110237122,0.9985878467559814,0.7592191696166992,0.5140350461006165,0.9999156594276428,0.23225373029708862,0.48877763748168945,0.9997158050537109,0.810842752456665,0.5868297219276428,0.9998351335525513,0.12145780026912689,0.5883427858352661,0.9996067881584167
2.875,0.689528226852417,0.411995530128479,0.999966025352478,0.27775198221206665,0.41249698400497437,0.9998078942298889,0.5895397663116455,0.7714915871620178,0.9985784292221069,0.33423271775245667,0.7686349749565125,0.9983108043670654,0.7722795009613037,0.5380821228027344,0.9999212026596069,0.24174253642559052,0.46588197350502014,0.9997420907020569,0.8134720921516418,0.5869426727294922,0.9998014569282532,0.12151745706796646,0.587767481803894,0.9996521472930908
2.917,0.6894593238830566,0.412485271692276,0.9999862909317017,0.27827808260917664,0.4125126600265503,0.9999582767486572,0.589620053768158,0.771467924118042,0.9993283748626709,0.33424973487854004,0.7687090635299683,0.9991068243980408,0.775296151638031,0.5531743168830872,0.9999274611473083,0.247043639421463,0.44420087337493896,0.9997668266296387,0.8134468197822571,0.5867645144462585,0.99993497133255,0.12152906507253647,0.5858305096626282,0.9997639060020447
2.958,0.6890942454338074,0.41395363211631775,0.9999576807022095,0.28080806136131287,0.4135250151157379,0.9995287656784058,0.5881032347679138,0.7719276547431946,0.9981116056442261,0.3341156542301178,0.7692487835884094,0.99709153175354,0.782267153263092,0.5714477896690369,0.9999165534973145,0.24938133358955383,0.4364752769470215,0.9997857809066772,0.8130064010620117,0.5866270065307617,0.9996846914291382,0.12101035565137863,0.5814904570579529,0.9991514682769775
3.0,0.688797652721405,0.414395272731781,0.9999706745147705,0.28308477997779846,0.4135652780532837,0.9998403787612915,0.5871802568435669,0.7730837464332581,0.9986385703086853,0.33346426486968994,0.7695652842521667,0.9984241724014282,0.7816055417060852,0.5734723210334778,0.9999299049377441,0.2506246864795685,0.42561256885528564,0.9998051524162292,0.8115894794464111,0.5865573883056641,0.999890923500061,0.12112566083669662,0.5752699375152588,0.9997800588607788
3.042,0.688159704208374,0.4148375988006592,0.9999816417694092,0.28404542803764343,0.4139428436756134,0.9998599290847778,0.5868638157844543,0.7753141522407532,0.9991852641105652,0.3331979513168335,0.7705736756324768,0.998934805393219,0.7797743678092957,0.5725236535072327,0.9999330043792725,0.25156813859939575,0.41845613718032837,0.9998229742050171,0.8095319271087646,0.5856184363365173,0.9999336004257202,0.12115295976400375,0.570148229598999,0.9997948408126831
3.083,0.6850898265838623,0.4149668514728546,0.9999865293502808,0.2849334478378296,0.4141709506511688,0.9998824596405029,0.5868483185768127,0.7753348350524902,0.9986238479614258,0.3309974670410156,0.7705658078193665,0.9978598952293396,0.7784625887870789,0.5692685842514038,0.9999363422393799,0.2526366114616394,0.4157380759716034,0.9998382925987244,0.8090713620185852,0.5853879451751709,0.9999402165412903,0.12118753045797348,0.5673516988754272,0.9998081922531128
3.125,0.6840083599090576,0.4149620234966278,0.9999819993972778,0.28550270199775696,0.4138934314250946,0.9998836517333984,0.5866899490356445,0.7741872072219849,0.999174177646637,0.33094584941864014,0.7700452208518982,0.9989354014396667,0.7667528986930847,0.5639199018478394,0.9999401569366455,0.250619113445282,0.41567522287368774,0.99985271692276,0.8064370155334473,0.5853009819984436,0.9999347925186157,0.12119975686073303,0.5643498301506042,0.9998207688331604
3.167,0.6827921271324158,0.41451480984687805,0.9999810457229614,0.28554636240005493,0.4131447374820709,0.9998956918716431,0.587090253829956,0.7684994339942932,0.9992750287055969,0.33094969391822815,0.7634193897247314,0.9991154074668884,0.76100754737854,0.5596765875816345,0.9999444484710693,0.2479618936777115,0.4193874001502991,0.9998658895492554,0.8033928275108337,0.5851397514343262,0.9999455213546753,0.12114829570055008,0.5644803047180176,0.9998337626457214
3.208,0.68255615234375,0.4122200608253479,0.9999486207962036,0.2849918603897095,0.41238272190093994,0.9998229146003723,0.5873124003410339,0.7639560103416443,0.9988910555839539,0.3314605951309204,0.7610906958580017,0.9987885355949402,0.7468510270118713,0.5349570512771606,0.9999472498893738,0.24675719439983368,0.4197276532649994,0.9998772740364075,0.8013120889663696,0.5850261449813843,0.9998544454574585,0.12114127725362778,0.5648305416107178,0.9998180270195007
3.25,0.6825545430183411,0.4109989106655121,0.999953031539917,0.2812783122062683,0.40677255392074585,0.9998313188552856,0.5880485773086548,0.7605953216552734,0.9988986253738403,0.33151519298553467,0.758111298084259,0.9987442493438721,0.739691972732544,0.5204502940177917,0.9999485015869141,0.2392183095216751,0.4447166621685028,0.999885618686676,0.7995526790618896,0.585014820098877,0.9998182654380798,0.12044518440961838,0.5717201828956604,0.9997454285621643
3.292,0.6858333349227905,0.40973660349845886,0.9999446868896484,0.280894935131073,0.40455201268196106,0.9998231530189514,0.5889977216720581,0.7607294917106628,0.9990260601043701,0.33198297023773193,0.7574099898338318,0.9989427924156189,0.7310143113136292,0.5024645924568176,0.9999515414237976,0.2350562959909439,0.46748825907707214,0.9998939633369446,0.7995583415031433,0.5858155488967896,0.9998853206634521,0.12013105303049088,0.5755558609962463,0.9998216032981873
3.333,0.6866069436073303,0.4091017246246338,0.9999552965164185,0.27892279624938965,0.40302368998527527,0.9998489618301392,0.5896285772323608,0.7604766488075256,0.9993276596069336,0.3326667845249176,0.7568633556365967,0.9992414712905884,0.7265706062316895,0.49327290058135986,0.9999548196792603,0.22620514035224915,0.4855113625526428,0.9999015927314758,0.7996599674224854,0.5858606100082397,0.9999215602874756,0.12018585205078125,0.5795077085494995,0.9998501539230347
3.375,0.6867004036903381,0.4054584801197052,0.9999488592147827,0.2778327763080597,0.40313032269477844,0.9998639822006226,0.5899247527122498,0.7606164216995239,0.999372661113739,0.33359700441360474,0.7567155957221985,0.999323844909668,0.7216475009918213,0.481602281332016,0.9999578595161438,0.2203977108001709,0.49813371896743774,0.9999087452888489,0.8013325929641724,0.5860042572021484,0.999936580657959,0.1207440197467804,0.5843928456306458,0.9998527765274048
3.417,0.6866552829742432,0.40321576595306396,0.999914288520813,0.27597546577453613,0.4046541750431061,0.9997938275337219,0.5911626219749451,0.7605952024459839,0.9989057779312134,0.3346121311187744,0.7568047642707825,0.998847484588623,0.7196983098983765,0.4748624265193939,0.9999593496322632,0.21787014603614807,0.5096527338027954,0.9999123811721802,0.8029471635818481,0.5861868262290955,0.9998838901519775,0.12170440703630447,0.5860159993171692,0.9998179078102112
3.458,0.6865046620368958,0.4033675193786621,0.9999557733535767,0.27573543787002563,0.40838176012039185,0.9999129772186279,0.5911243557929993,0.7613592147827148,0.999448835849762,0.33515775203704834,0.7589415907859802,0.9994230270385742,0.7188040018081665,0.4718851149082184,0.9999624490737915,0.21837307512760162,0.5148556232452393,0.9999191761016846,0.8065083026885986,0.5863831639289856,0.9999556541442871,0.12278889119625092,0.5877639651298523,0.9998558163642883
3.5,0.6862136125564575,0.40347087383270264,0.9999357461929321,0.2752097249031067,0.4110930263996124,0.9997819066047668,0.5917999744415283,0.7632187008857727,0.9996185302734375,0.3358144164085388,0.7611103653907776,0.9994754195213318,0.7194179892539978,0.47105342149734497,0.9999633431434631,0.21868574619293213,0.5200626254081726,0.9999191164970398,0.8089282512664795,0.5863847732543945,0.9998863935470581,0.1255638599395752,0.5879448652267456,0.9997602105140686
3.542,0.6864572167396545,0.4030930995941162,0.9999473094940186,0.27521270513534546,0.4109736680984497,0.9998799562454224,0.5918322205543518,0.7632362842559814,0.9994602799415588,0.3358074724674225,0.7611150145530701,0.9993914365768433,0.7224367260932922,0.47430118918418884,0.9999647736549377,0.21925508975982666,0.5234650373458862,0.9999228715896606,0.8122279047966003,0.5863357186317444,0.9999217987060547,0.12839436531066895,0.5881762504577637,0.9998485445976257
3.583,0.6870710849761963,0.40316668152809143,0.9999549388885498,0.27528733015060425,0.4109204113483429,0.9998974800109863,0.5929528474807739,0.7634369730949402,0.9993187189102173,0.3360249102115631,0.7610567212104797,0.9993221759796143,0.724372148513794,0.4757347106933594,0.9999663233757019,0.2218213826417923,0.521417498588562,0.9999269843101501,0.8129056096076965,0.586165189743042,0.9999328851699829,0.130681574344635,0.588447630405426,0.9998524188995361
3.625,0.6902766823768616,0.40355879068374634,0.9999843835830688,0.2753562331199646,0.4106488823890686,0.9999617338180542,0.59328293800354,0.7634401321411133,0.999294638633728,0.3361046612262726,0.761032223701477,0.9992668032646179,0.7291859984397888,0.48843827843666077,0.9999685287475586,0.22352398931980133,0.5178515315055847,0.9999328255653381,0.8142154812812805,0.5853673219680786,0.9999626874923706,0.13188719749450684,0.5886035561561584,0.9998608231544495
3.667,0.6904598474502563,0.4036022126674652,0.9999527931213379,0.27591806650161743,0.40937143564224243,0.999847412109375,0.5933442711830139,0.7640504837036133,0.9985791444778442,0.33619779348373413,0.761225700378418,0.9985346794128418,0.7399114370346069,0.5120729207992554,0.9999690651893616,0.22888654470443726,0.5095495581626892,0.9999372363090515,0.8174838423728943,0.5853627920150757,0.9998905658721924,0.1338614821434021,0.5888864398002625,0.9998136162757874
3.708,0.6897123456001282,0.40487223863601685,0.9999592304229736,0.27727463841438293,0.40853872895240784,0.9997673630714417,0.5933300256729126,0.7642697691917419,0.9985427856445312,0.3361152410507202,0.7618882656097412,0.9982001781463623,0.7419280409812927,0.5349181294441223,0.9999692440032959,0.23714835941791534,0.4928518235683441,0.9999412298202515,0.8174359798431396,0.5853627920150757,0.9998606443405151,0.13694383203983307,0.5888409614562988,0.9996621608734131
3.75,0.6875407099723816,0.40567564964294434,0.9999566078186035,0.2777249217033386,0.40766990184783936,0.9997205138206482,0.592742919921875,0.7624822854995728,0.9981167316436768,0.33528056740760803,0.7608805298805237,0.9975820779800415,0.745116651058197,0.5577126145362854,0.9999244213104248,0.2424403578042984,0.47364863753318787,0.9999432563781738,0.8173973560333252,0.5854228734970093,0.9997710585594177,0.13750575482845306,0.5875550508499146,0.9994932413101196
3.792,0.6878516674041748,0.4073875844478607,0.9999438524246216,0.28295236825942993,0.41049060225486755,0.9997218251228333,0.5919870734214783,0.766025960445404,0.9983680844306946,0.33500826358795166,0.7639827728271484,0.9983658194541931,0.7415000796318054,0.5686840415000916,0.9999266862869263,0.24657756090164185,0.45440515875816345,0.9999465346336365,0.8173662424087524,0.5854114294052124,0.99982088804245,0.13760881125926971,0.585323691368103,0.9997437596321106
3.833,0.6878471970558167,0.40836188197135925,0.9999785423278809,0.28594332933425903,0.41059526801109314,0.9998292922973633,0.5913921594619751,0.7664092183113098,0.9992117881774902,0.33501172065734863,0.7645112872123718,0.9989429116249084,0.7240713238716125,0.5771673917770386,0.9999632835388184,0.252206414937973,0.4410926401615143,0.9999502301216125,0.8171288967132568,0.5853646993637085,0.9999349117279053,0.14031895995140076,0.5825125575065613,0.9998593330383301
3.875,0.6897835731506348,0.4094293415546417,0.9999697208404541,0.2916768193244934,0.4135031998157501,0.9998140931129456,0.5912266969680786,0.766366720199585,0.9992750287055969,0.33496877551078796,0.7644962668418884,0.9990930557250977,0.7060388922691345,0.581531822681427,0.9999621510505676,0.2542541027069092,0.43701741099357605,0.9999536275863647,0.8165372014045715,0.5853146314620972,0.9999270439147949,0.14259298145771027,0.5795920491218567,0.9998559951782227
3.917,0.6908511519432068,0.41028285026550293,0.9999713897705078,0.2929260730743408,0.41511693596839905,0.9996339082717896,0.5912522077560425,0.766621470451355,0.999106228351593,0.33507239818573,0.7646217346191406,0.9986633062362671,0.7013549208641052,0.5811891555786133,0.9999604821205139,0.25384721159935,0.43324896693229675,0.9999551177024841,0.8161702752113342,0.5850927233695984,0.9999189376831055,0.1448039710521698,0.5775898694992065,0.9997623562812805
3.958,0.6904513835906982,0.41041186451911926,0.999968409538269,0.2930026650428772,0.4144684970378876,0.999744713306427,0.5908416509628296,0.765101969242096,0.9987428784370422,0.3343590497970581,0.762755811214447,0.9983015060424805,0.7015880942344666,0.5759425163269043,0.9999597668647766,0.25372418761253357,0.4362906515598297,0.9999551177024841,0.8153365254402161,0.5851760506629944,0.9998922348022461,0.14474812150001526,0.5766852498054504,0.9997679591178894
4.0,0.6907432079315186,0.4104112386703491,0.9999701976776123,0.2929299473762512,0.41462787985801697,0.999806821346283,0.5911709666252136,0.7650918960571289,0.9987956285476685,0.33575496077537537,0.7622692584991455,0.9985159039497375,0.7013976573944092,0.5618579387664795,0.999960720539093,0.24874891340732574,0.4379291534423828,0.9999558329582214,0.8129593133926392,0.5851749777793884,0.9998893737792969,0.14333845674991608,0.5775552988052368,0.9997538924217224
4.042,0.6913068890571594,0.4090958535671234,0.9999715089797974,0.29289132356643677,0.4095405638217926,0.9998935461044312,0.5923840403556824,0.7636933326721191,0.9992595314979553,0.33730456233024597,0.7602880001068115,0.9991806149482727,0.6928043961524963,0.5354010462760925,0.9999625086784363,0.2474626749753952,0.4553503394126892,0.9999569654464722,0.8130576610565186,0.5849753618240356,0.999934196472168,0.1433308720588684,0.57887202501297,0.9998576045036316
4.083,0.6919241547584534,0.40804964303970337,0.9999006986618042,0.29145127534866333,0.4024750888347626,0.9997918009757996,0.5942685604095459,0.7628346085548401,0.9987807869911194,0.33808887004852295,0.7582322359085083,0.9988658428192139,0.6881524920463562,0.5054757595062256,0.9999626278877258,0.2438114732503891,0.4774695336818695,0.9999570846557617,0.8130888342857361,0.5846216678619385,0.9998443126678467,0.14308172464370728,0.5805387496948242,0.9998050332069397
4.125,0.6931142807006836,0.4068671464920044,0.9999144077301025,0.29010534286499023,0.4020473062992096,0.9998180270195007,0.5968688130378723,0.762251615524292,0.9989610910415649,0.34226715564727783,0.7573070526123047,0.9988836646080017,0.6896040439605713,0.4936888813972473,0.9999622106552124,0.24032412469387054,0.498669296503067,0.999954104423523,0.8138611316680908,0.5844569206237793,0.9998410940170288,0.14300338923931122,0.5818009972572327,0.9997898936271667
4.167,0.6927598714828491,0.40331271290779114,0.9999377727508545,0.29006287455558777,0.40233930945396423,0.9998204112052917,0.59950852394104,0.7615261673927307,0.9994766116142273,0.3457091450691223,0.7568769454956055,0.9993230104446411,0.692474901676178,0.46765419840812683,0.9999631643295288,0.2403056025505066,0.5126639008522034,0.9999520778656006,0.8147985935211182,0.5836564898490906,0.999911904335022,0.14419907331466675,0.5818383097648621,0.9998338222503662
4.208,0.6928613185882568,0.3974558711051941,0.9999063014984131,0.2914903461933136,0.40232688188552856,0.9996063113212585,0.6026790142059326,0.7601118683815002,0.9993143081665039,0.34838998317718506,0.7554693222045898,0.998863935470581,0.69832843542099,0.4477445185184479,0.9999622702598572,0.2417476922273636,0.5210797786712646,0.9999389052391052,0.8171514868736267,0.5816935896873474,0.9998565912246704,0.1466096192598343,0.5807716250419617,0.9995970129966736
4.25,0.6927595734596252,0.39786481857299805,0.9999419450759888,0.29321056604385376,0.40244004130363464,0.9998027682304382,0.6031313538551331,0.7598893642425537,0.9997699856758118,0.3489381968975067,0.7544602751731873,0.999627947807312,0.707403838634491,0.4334639012813568,0.999963641166687,0.24846190214157104,0.5219632387161255,0.9999364018440247,0.8209492564201355,0.5791118144989014,0.9999310970306396,0.1493987739086151,0.5802234411239624,0.9998052716255188
4.292,0.6922737956047058,0.39816057682037354,0.9999067783355713,0.29394999146461487,0.4024161100387573,0.9997510313987732,0.6058668494224548,0.7597563862800598,0.9996402263641357,0.35042616724967957,0.7536560893058777,0.9995343685150146,0.7156421542167664,0.427864134311676,0.9999651908874512,0.25438153743743896,0.5190789103507996,0.9999353289604187,0.8298983573913574,0.5769039392471313,0.9999138116836548,0.1515588015317917,0.5801539421081543,0.9997846484184265
4.333,0.6922709345817566,0.39789459109306335,0.999901294708252,0.2945352792739868,0.40247204899787903,0.9995517134666443,0.6081333756446838,0.7597779631614685,0.9994507431983948,0.3510127365589142,0.7536721229553223,0.9991745352745056,0.7225751876831055,0.428627073764801,0.9999659061431885,0.26048871874809265,0.515708327293396,0.9999289512634277,0.8368616104125977,0.5758430361747742,0.999883770942688,0.15351924300193787,0.5799381732940674,0.9996161460876465
4.375,0.6922457218170166,0.39559343457221985,0.9999125003814697,0.29547423124313354,0.40140095353126526,0.9995629191398621,0.6093789935112,0.7600494623184204,0.9990890026092529,0.3517805337905884,0.7537808418273926,0.9987379908561707,0.7267177104949951,0.43405643105506897,0.9999669790267944,0.27628767490386963,0.4997691214084625,0.9999282956123352,0.8416693210601807,0.5758034586906433,0.9998923540115356,0.1544676125049591,0.5800788402557373,0.9995866417884827
4.417,0.6934435963630676,0.3924722671508789,0.9998630285263062,0.2956256568431854,0.39913591742515564,0.9992176294326782,0.6093354821205139,0.759782075881958,0.9990419745445251,0.3519221544265747,0.7537860870361328,0.9982660412788391,0.73331218957901,0.4388717710971832,0.9999604821205139,0.28121495246887207,0.4799675941467285,0.9999107718467712,0.8409871459007263,0.5762131214141846,0.9996205568313599,0.15445107221603394,0.5802461504936218,0.9987797141075134
4.458,0.6972453594207764,0.3933378756046295,0.9999600648880005,0.29546236991882324,0.39831602573394775,0.9998262524604797,0.6096365451812744,0.7604304552078247,0.9996126294136047,0.3518885374069214,0.7548651695251465,0.9994340538978577,0.7477915287017822,0.46700337529182434,0.9999628067016602,0.2835690975189209,0.4488753080368042,0.9999175071716309,0.841399073600769,0.5762419104576111,0.9999303817749023,0.15412834286689758,0.5801969170570374,0.9997556805610657
4.5,0.6988701224327087,0.3942275941371918,0.9999555349349976,0.2964622676372528,0.39841336011886597,0.9997733235359192,0.6098992228507996,0.761298656463623,0.999300479888916,0.35195791721343994,0.7557318806648254,0.9990190267562866,0.758490264415741,0.5052893161773682,0.9999632835388184,0.2823715806007385,0.43456318974494934,0.9999229907989502,0.8419626951217651,0.5762777924537659,0.9998776912689209,0.15480288863182068,0.5789214372634888,0.9997693300247192
4.542,0.7015304565429688,0.3981982469558716,0.9999297857284546,0.30107855796813965,0.4015856981277466,0.9996547698974609,0.6093289852142334,0.763834536075592,0.9986078143119812,0.3518899977207184,0.7595453262329102,0.9983330368995667,0.7643294334411621,0.5362763404846191,0.999931812286377,0.2803315818309784,0.4323175847530365,0.9999275803565979,0.8417754173278809,0.5765196084976196,0.9997466206550598,0.155058354139328,0.5763869881629944,0.9995883107185364
4.583,0.7053804397583008,0.40018972754478455,0.9999369382858276,0.30570971965789795,0.4077396094799042,0.9997404217720032,0.6090490818023682,0.7674180865287781,0.9983464479446411,0.351881742477417,0.7635627388954163,0.9981721639633179,0.7623084187507629,0.568824827671051,0.9998798370361328,0.2790558934211731,0.4359903633594513,0.9999314546585083,0.8375476002693176,0.577226459980011,0.9997902512550354,0.15547387301921844,0.5757458806037903,0.999765932559967
4.625,0.7089440226554871,0.4027349650859833,0.9997391104698181,0.30922508239746094,0.4092915952205658,0.9989476799964905,0.6066977977752686,0.7692404985427856,0.9966417551040649,0.3502253592014313,0.764508843421936,0.9959554672241211,0.7501204013824463,0.5922832489013672,0.9985049962997437,0.2731230854988098,0.4375692903995514,0.9998776912689209,0.8374723792076111,0.580274760723114,0.9984056353569031,0.15628215670585632,0.5753940939903259,0.997869610786438
4.667,0.7097077369689941,0.4060005843639374,0.997856080532074,0.30924704670906067,0.4097994565963745,0.9988324046134949,0.6069240570068359,0.770684540271759,0.9935529232025146,0.35165515542030334,0.7650195956230164,0.9953627586364746,0.698352575302124,0.6320680975914001,0.9749728441238403,0.2672821581363678,0.44451475143432617,0.999731719493866,0.8232371807098389,0.5947830080986023,0.9882156848907471,0.15606707334518433,0.5785698890686035,0.9959514141082764
4.708,0.7101690769195557,0.4059332013130188,0.9999285936355591,0.3098028898239136,0.40652230381965637,0.9998155236244202,0.606597900390625,0.7696245312690735,0.9997185468673706,0.35194310545921326,0.763721227645874,0.9995567202568054,0.7941935658454895,0.6466278433799744,0.9983600378036499,0.25616344809532166,0.46731534600257874,0.9998847246170044,0.816241443157196,0.5751239061355591,0.9995391368865967,0.15626004338264465,0.5792702436447144,0.9993719458580017
4.75,0.7108079195022583,0.4058893620967865,0.9999353885650635,0.30976957082748413,0.40393781661987305,0.9998906254768372,0.608771800994873,0.766036331653595,0.9997448921203613,0.35595306754112244,0.7609100341796875,0.9996918439865112,0.821677565574646,0.6638117432594299,0.9985173344612122,0.2372756004333496,0.4815526306629181,0.9998952746391296,0.8114637732505798,0.5655635595321655,0.9995784759521484,0.15612412989139557,0.5792385935783386,0.9996019005775452
4.792,0.7110588550567627,0.40550661087036133,0.9999415874481201,0.30509817600250244,0.40390822291374207,0.9999001026153564,0.6097508668899536,0.7659310698509216,0.9997693300247192,0.3596791625022888,0.7612854242324829,0.9997206926345825,0.8299014568328857,0.6785528659820557,0.9986609816551208,0.21972234547138214,0.5057035088539124,0.9999049305915833,0.8047403693199158,0.5640175342559814,0.9996129274368286,0.1567077785730362,0.579300045967102,0.9996311068534851
4.833,0.7116954922676086,0.405472069978714,0.9999469518661499,0.30286288261413574,0.40425026416778564,0.9998185038566589,0.6097333431243896,0.7655938267707825,0.9997157454490662,0.36048391461372375,0.761303722858429,0.9994576573371887,0.8333278894424438,0.7014250159263611,0.9987824559211731,0.20844516158103943,0.5293378233909607,0.9999102354049683,0.8003109097480774,0.5646654963493347,0.9996331930160522,0.15777578949928284,0.579194962978363,0.9996232986450195
4.875,0.7125318050384521,0.40476328134536743,0.9999517202377319,0.3028780221939087,0.4053024649620056,0.999702513217926,0.6097485423088074,0.7644076943397522,0.9996989965438843,0.3613538444042206,0.7607240676879883,0.9993234872817993,0.8334147930145264,0.713604211807251,0.9988893866539001,0.1920619010925293,0.5567650198936462,0.9999083876609802,0.7973301410675049,0.5652644038200378,0.9996482729911804,0.16441722214221954,0.5792534351348877,0.9995751976966858
4.917,0.7137548327445984,0.4047319293022156,0.9999558925628662,0.3049979507923126,0.40574538707733154,0.9996305704116821,0.6102051734924316,0.7631328105926514,0.9994791150093079,0.362578421831131,0.7601293921470642,0.9988079071044922,0.8308238983154297,0.7220062017440796,0.9989829063415527,0.18613973259925842,0.5666295886039734,0.9998965859413147,0.7964960336685181,0.5656095743179321,0.9996637105941772,0.16901537775993347,0.5786637663841248,0.9995120167732239
4.958,0.7143557667732239,0.40434736013412476,0.9999580383300781,0.30653324723243713,0.4058632254600525,0.998824417591095,0.6104809045791626,0.7629194259643555,0.9986118078231812,0.3642199635505676,0.7608169317245483,0.9966478943824768,0.829493522644043,0.7349441051483154,0.9990600347518921,0.18711349368095398,0.5810890793800354,0.9996799230575562,0.7963278293609619,0.5661962628364563,0.9996774196624756,0.17181314527988434,0.5804039835929871,0.998996913433075
5.0,0.7147896885871887,0.40416252613067627,0.9999295473098755,0.30852657556533813,0.4046280086040497,0.9966893196105957,0.6105132699012756,0.7622202038764954,0.9981895089149475,0.36417341232299805,0.7603195309638977,0.9945029020309448,0.8274330496788025,0.7480438351631165,0.9989734292030334,0.1802268922328949,0.6013680100440979,0.9938833713531494,0.7961943745613098,0.569824755191803,0.9995794892311096,0.18953168392181396,0.5801173448562622,0.9942218661308289
5.042,0.7177687883377075,0.40445777773857117,0.9999644756317139,0.31218719482421875,0.4030061364173889,0.9990003705024719,0.6130541563034058,0.7633355855941772,0.999417781829834,0.36493051052093506,0.7603124380111694,0.9984706044197083,0.825937032699585,0.7558198571205139,0.9990237951278687,0.172329843044281,0.6223710179328918,0.9981387257575989,0.7963356971740723,0.5731086134910583,0.999563455581665,0.21591231226921082,0.550628662109375,0.9955326914787292
5.083,0.7225884795188904,0.4055263102054596,0.9999375343322754,0.3151665925979614,0.40065088868141174,0.999320387840271,0.6155683398246765,0.7673789262771606,0.9995261430740356,0.36491358280181885,0.7613753080368042,0.9991014003753662,0.8249409198760986,0.7750858664512634,0.9990310668945312,0.16007739305496216,0.655808687210083,0.9980786442756653,0.7967117428779602,0.5820665955543518,0.9995094537734985,0.22332900762557983,0.5485941171646118,0.9954493641853333
5.125,0.7259030342102051,0.4055675268173218,0.9999339580535889,0.316736102104187,0.399038702249527,0.9991421699523926,0.6201176643371582,0.76767498254776,0.9986783862113953,0.3659725785255432,0.7614827156066895,0.9974362254142761,0.8246935606002808,0.7805176973342896,0.9990008473396301,0.15374667942523956,0.6862035393714905,0.9979140162467957,0.7968302369117737,0.5866714715957642,0.9994316697120667,0.22541376948356628,0.5512265563011169,0.9954231381416321
5.167,0.7322972416877747,0.40625718235969543,0.9998225569725037,0.31796300411224365,0.39883920550346375,0.9981390237808228,0.6257928609848022,0.7693505883216858,0.9947152733802795,0.37047287821769714,0.7638027667999268,0.9912654757499695,0.8193121552467346,0.7800430059432983,0.9987915754318237,0.14786623418331146,0.7121667861938477,0.9945250749588013,0.7968961596488953,0.5908975005149841,0.9991446137428284,0.22418083250522614,0.5520057678222656,0.9951680898666382
5.208,0.7327249050140381,0.4062371850013733,0.9998681545257568,0.3188912570476532,0.39844900369644165,0.998430073261261,0.6269247531890869,0.7692515254020691,0.9956949949264526,0.3713136613368988,0.7636154890060425,0.991840124130249,0.8148915767669678,0.7859507203102112,0.9986792206764221,0.14991572499275208,0.7305242419242859,0.9945089221000671,0.7961198091506958,0.5915244817733765,0.9990028142929077,0.22601240873336792,0.5542632937431335,0.9949676990509033
5.25,0.7354553937911987,0.4062279760837555,0.9998244643211365,0.3200204074382782,0.3984358310699463,0.99907386302948,0.6314620971679688,0.7692596316337585,0.9984332919120789,0.37374287843704224,0.763506293296814,0.9977385997772217,0.8130155205726624,0.7811331152915955,0.998512327671051,0.15196187794208527,0.7476063966751099,0.9967466592788696,0.7943142652511597,0.5910621285438538,0.9987248182296753,0.22867584228515625,0.5596817135810852,0.995115339756012
5.292,0.7356390357017517,0.4058191776275635,0.999702513217926,0.32028523087501526,0.3984667956829071,0.9986968636512756,0.6357269287109375,0.769574761390686,0.9972981810569763,0.3773036003112793,0.7651345133781433,0.9965353012084961,0.8123263716697693,0.7773439288139343,0.9982083439826965,0.15551914274692535,0.7635279893875122,0.996236264705658,0.7939432859420776,0.5907372832298279,0.9981874823570251,0.22920754551887512,0.5688604712486267,0.9951682686805725
5.333,0.7369202375411987,0.40580835938453674,0.9996758699417114,0.3202754557132721,0.3994559943675995,0.9985594153404236,0.6372008919715881,0.7714270949363708,0.9976900815963745,0.3780965507030487,0.7674837112426758,0.9967222809791565,0.8090010285377502,0.7822719216346741,0.997925877571106,0.16651636362075806,0.7742414474487305,0.995676577091217,0.7939603328704834,0.5906049013137817,0.9976143836975098,0.23026834428310394,0.5771054029464722,0.9951502680778503
5.375,0.7383079528808594,0.40575870871543884,0.9997521042823792,0.3202701210975647,0.39967215061187744,0.9986090064048767,0.637032151222229,0.7713786959648132,0.9973964691162109,0.3780655562877655,0.767548680305481,0.9962694644927979,0.8071498870849609,0.786122739315033,0.9977126717567444,0.17848175764083862,0.7804524898529053,0.9952207207679749,0.7943829298019409,0.590672492980957,0.9972944259643555,0.2331790328025818,0.5835368633270264,0.9951382875442505
5.417,0.7383930683135986,0.40572476387023926,0.9997105002403259,0.32026198506355286,0.4004228115081787,0.9988147020339966,0.6380630731582642,0.7719731330871582,0.99616539478302,0.3786754012107849,0.7680650353431702,0.9952444434165955,0.8062976598739624,0.7855930924415588,0.9975284934043884,0.1907767504453659,0.7801287770271301,0.9952316880226135,0.7949298620223999,0.590535044670105,0.9971351623535156,0.23552709817886353,0.5862670540809631,0.9951456785202026
5.458,0.7392675876617432,0.40573084354400635,0.999636173248291,0.32029756903648376,0.4004952311515808,0.9985049962997437,0.6380019783973694,0.7725887894630432,0.9975290894508362,0.37878429889678955,0.7687432169914246,0.9965157508850098,0.8041383624076843,0.7860081195831299,0.997218132019043,0.20298710465431213,0.7825542092323303,0.9948230385780334,0.7951587438583374,0.5907604098320007,0.9967156052589417,0.23833785951137543,0.5895869135856628,0.9950311183929443
5.5,0.7397323846817017,0.405692458152771,0.9996403455734253,0.32031071186065674,0.4004742205142975,0.9979879856109619,0.6380026936531067,0.771480143070221,0.9945977926254272,0.3787075877189636,0.7674869298934937,0.9922463297843933,0.8009527325630188,0.7858282327651978,0.996759295463562,0.21714664995670319,0.7809421420097351,0.9921016097068787,0.7953608632087708,0.5908021330833435,0.9964439868927002,0.2398175150156021,0.5916939377784729,0.9947644472122192
5.542,0.7432539463043213,0.4054425358772278,0.9995908141136169,0.32067975401878357,0.40124189853668213,0.9964125752449036,0.639518141746521,0.7716404795646667,0.9924174547195435,0.3795264661312103,0.7667611241340637,0.9871319532394409,0.7985227108001709,0.786316990852356,0.9961434602737427,0.23296409845352173,0.7764959335327148,0.9860764741897583,0.7956665754318237,0.5907549858093262,0.9961793422698975,0.24205046892166138,0.592268168926239,0.9938435554504395
5.583,0.7437247633934021,0.4054918587207794,0.9995689988136292,0.32107076048851013,0.4010343551635742,0.997990608215332,0.6405492424964905,0.7714520692825317,0.9940944314002991,0.3820606470108032,0.7661929726600647,0.9919154047966003,0.7915962934494019,0.7859410047531128,0.9954693913459778,0.242609441280365,0.7726578712463379,0.9885537028312683,0.7958663105964661,0.5905485153198242,0.9958192110061646,0.2438855767250061,0.5921348929405212,0.9933699369430542
5.625,0.7444189786911011,0.40567824244499207,0.9995447993278503,0.32151925563812256,0.4006426930427551,0.9977018237113953,0.6417055130004883,0.7714444398880005,0.9864895343780518,0.382762610912323,0.7658469080924988,0.9811210036277771,0.7836715579032898,0.7889066338539124,0.9938784241676331,0.2509244382381439,0.7716880440711975,0.9825100898742676,0.7959048748016357,0.5911462306976318,0.9953985810279846,0.2456919401884079,0.5912957787513733,0.9919057488441467
5.667,0.7449162006378174,0.4058571457862854,0.9994774460792542,0.32152825593948364,0.4006232023239136,0.9982838034629822,0.641789972782135,0.7708934545516968,0.9814215898513794,0.38275158405303955,0.7646820545196533,0.9792974591255188,0.7781975865364075,0.790888249874115,0.9923310875892639,0.2552446126937866,0.7762875556945801,0.9786312580108643,0.7961568832397461,0.5912132263183594,0.9951605200767517,0.2469126433134079,0.5944041609764099,0.9913945198059082
5.708,0.745638906955719,0.4057265818119049,0.9995788931846619,0.32135096192359924,0.4006229043006897,0.9974629878997803,0.6426515579223633,0.7709830403327942,0.9896785020828247,0.38315221667289734,0.7644067406654358,0.9851436018943787,0.7762569785118103,0.7910462617874146,0.991391658782959,0.2603362798690796,0.7778865098953247,0.9734965562820435,0.7963347434997559,0.5915727615356445,0.9949502944946289,0.24877683818340302,0.5942116975784302,0.9902218580245972
5.75,0.7456757426261902,0.40387237071990967,0.9995675683021545,0.3218437135219574,0.39922675490379333,0.9964284300804138,0.642771303653717,0.7679709792137146,0.9786916375160217,0.38359105587005615,0.7601669430732727,0.9660852551460266,0.776768684387207,0.7864810824394226,0.9905303716659546,0.25923848152160645,0.7737414240837097,0.9673478007316589,0.7984501719474792,0.5869075655937195,0.9948390126228333,0.24986666440963745,0.5904728770256042,0.9890257716178894
