time_s,left_shoulder_x,left_shoulder_y,left_shoulder_confidence,right_shoulder_x,right_shoulder_y,right_shoulder_confidence,left_hip_x,left_hip_y,left_hip_confidence,right_hip_x,right_hip_y,right_hip_confidence,left_wrist_x,left_wrist_y,left_wrist_confidence,right_wrist_x,right_wrist_y,right_wrist_confidence
0.0,0.7015191316604614,0.40967127680778503,0.9995900988578796,0.30163079500198364,0.40610432624816895,0.9974115490913391,0.5909746885299683,0.7469444274902344,0.996587872505188,0.34870612621307373,0.7400208115577698,0.9929256439208984,0.7496973276138306,0.7968405485153198,0.9908455014228821,0.20206475257873535,0.7765664458274841,0.941665530204773
0.042,0.7009352445602417,0.4086003005504608,0.9997442364692688,0.3010101616382599,0.40705862641334534,0.9989156723022461,0.5920940041542053,0.7569172978401184,0.9985992312431335,0.34870636463165283,0.7516562938690186,0.9978797435760498,0.7505698800086975,0.7918752431869507,0.9913648366928101,0.20240908861160278,0.7777069807052612,0.9465551376342773
0.083,0.7025689482688904,0.40931153297424316,0.9997757077217102,0.2982009947299957,0.40787550806999207,0.9989054203033447,0.5977156162261963,0.7708771228790283,0.9984398484230042,0.34887954592704773,0.7655547857284546,0.9977890253067017,0.750633716583252,0.7929655909538269,0.9918664693832397,0.20405715703964233,0.7806078195571899,0.9510619044303894
0.125,0.7027586102485657,0.41117358207702637,0.9996577501296997,0.2964586019515991,0.40852460265159607,0.9982800483703613,0.5995985269546509,0.7778991460800171,0.9936845898628235,0.34925293922424316,0.7710670232772827,0.9915874600410461,0.750623345375061,0.7943574786186218,0.9920392632484436,0.2050604224205017,0.7802435755729675,0.9541066288948059
0.167,0.7033270001411438,0.4126286208629608,0.9997357726097107,0.29602912068367004,0.4088686406612396,0.9986560344696045,0.6012510061264038,0.7797467708587646,0.9938222169876099,0.34947240352630615,0.7731247544288635,0.9922623634338379,0.7507094740867615,0.7968772053718567,0.9922859072685242,0.2079785168170929,0.7802991271018982,0.9569814205169678
0.208,0.7035925984382629,0.4127005636692047,0.9996789693832397,0.2954271733760834,0.4088906943798065,0.9983944296836853,0.6017569303512573,0.778887927532196,0.9884109497070312,0.3495253324508667,0.7721049189567566,0.9857391715049744,0.7509030699729919,0.7981579899787903,0.9922108054161072,0.2090802639722824,0.7805336713790894,0.9585078954696655
0.25,0.7039201259613037,0.41359207034111023,0.9996026158332825,0.29390957951545715,0.40975695848464966,0.9979185461997986,0.6022664308547974,0.7817221879959106,0.993854284286499,0.34953737258911133,0.7735156416893005,0.991927981376648,0.7507166862487793,0.8006981015205383,0.9924356937408447,0.21028131246566772,0.7805504202842712,0.9611328840255737
0.292,0.7041996717453003,0.41345590353012085,0.9996974468231201,0.2940436601638794,0.4097808301448822,0.9987605810165405,0.6032575368881226,0.7806807160377502,0.9960424900054932,0.34989678859710693,0.7741140127182007,0.9949213862419128,0.7511456608772278,0.8003206253051758,0.9926283955574036,0.21027439832687378,0.7798274755477905,0.963817834854126
0.333,0.705350399017334,0.41348832845687866,0.9996702671051025,0.294198602437973,0.40981411933898926,0.9987753033638,0.6036728024482727,0.780935525894165,0.9938691854476929,0.34990957379341125,0.7738898396492004,0.9925536513328552,0.7511974573135376,0.7998365163803101,0.9923833608627319,0.2102723866701126,0.7772387266159058,0.9656158089637756
0.375,0.7057648301124573,0.41341373324394226,0.999715268611908,0.29478368163108826,0.4098133444786072,0.9981353282928467,0.6036593914031982,0.7804310917854309,0.9959119558334351,0.34991517663002014,0.7733824849128723,0.9940809607505798,0.7509538531303406,0.7992814779281616,0.9927322268486023,0.21015937626361847,0.77573561668396,0.9678592681884766
0.417,0.7058822512626648,0.4123757779598236,0.9997491240501404,0.29499682784080505,0.40854066610336304,0.998598039150238,0.6039605736732483,0.7798782587051392,0.9967785477638245,0.3499688506126404,0.7732706665992737,0.9950887560844421,0.751285970211029,0.7951507568359375,0.992707371711731,0.20998796820640564,0.7736877202987671,0.9692709445953369
0.458,0.705906093120575,0.4123935103416443,0.9996989965438843,0.29493817687034607,0.40820905566215515,0.9986003041267395,0.6030238270759583,0.7789467573165894,0.9971182346343994,0.3484266698360443,0.7725372910499573,0.9959482550621033,0.7512938976287842,0.7931064963340759,0.9927549958229065,0.2097906768321991,0.7725661993026733,0.9708520174026489
0.5,0.7075526118278503,0.41231128573417664,0.9998352527618408,0.2948989272117615,0.40908926725387573,0.9990781545639038,0.6033913493156433,0.7787188291549683,0.9984982013702393,0.3485720157623291,0.7722395658493042,0.9978366494178772,0.7518236041069031,0.7867423892021179,0.9931593537330627,0.20880913734436035,0.7714331150054932,0.9730388522148132
0.542,0.7075812816619873,0.41120558977127075,0.9997759461402893,0.2949853837490082,0.4080936312675476,0.9987269043922424,0.603046178817749,0.7786546945571899,0.9979133009910583,0.3479246199131012,0.7720678448677063,0.9966257810592651,0.7518157362937927,0.782750129699707,0.9933170080184937,0.2077796310186386,0.7710524797439575,0.974443256855011
0.583,0.7087735533714294,0.41119423508644104,0.9997304081916809,0.29481714963912964,0.40774261951446533,0.9988270401954651,0.6027520298957825,0.7785005569458008,0.9971737861633301,0.34767788648605347,0.7718695998191833,0.9961968660354614,0.7510003447532654,0.7814812064170837,0.9932544231414795,0.20646128058433533,0.7669020295143127,0.9751995205879211
0.625,0.7090540528297424,0.4112079441547394,0.999731719493866,0.29451900720596313,0.4082086384296417,0.9984614849090576,0.603000283241272,0.7791770100593567,0.9962426424026489,0.3478313684463501,0.772025465965271,0.9946388602256775,0.7505993247032166,0.7785140872001648,0.9934874176979065,0.2038465142250061,0.7592887878417969,0.9766484498977661
0.667,0.7090733647346497,0.4092028737068176,0.9998620748519897,0.29449430108070374,0.40733054280281067,0.9991181492805481,0.6030896902084351,0.7746298909187317,0.9960827827453613,0.3480682969093323,0.7696169018745422,0.994526207447052,0.7505984306335449,0.7674486041069031,0.993798017501831,0.19652815163135529,0.7526001334190369,0.9780642986297607
0.708,0.7091010212898254,0.40891629457473755,0.999875545501709,0.29440686106681824,0.40724441409111023,0.9990511536598206,0.6031023859977722,0.7714676260948181,0.9970893263816833,0.34812116622924805,0.7669512033462524,0.9954732060432434,0.7517129778862,0.7508501410484314,0.9942116737365723,0.1917569786310196,0.743675708770752,0.9797074198722839
0.75,0.7091100215911865,0.4084429442882538,0.9999334812164307,0.2952457070350647,0.4056425392627716,0.9993622899055481,0.6031156182289124,0.7640378475189209,0.9983903169631958,0.3481004536151886,0.7595007419586182,0.9970148801803589,0.752183198928833,0.735435962677002,0.9946327805519104,0.18692518770694733,0.7248511910438538,0.9811989068984985
0.792,0.7081446647644043,0.40486574172973633,0.9999675750732422,0.2996439039707184,0.4019692540168762,0.9996175765991211,0.6028454303741455,0.7554668188095093,0.9993473887443542,0.34855788946151733,0.7523844242095947,0.9987021684646606,0.7532873153686523,0.714634120464325,0.9951190948486328,0.1835678368806839,0.7087467908859253,0.9828207492828369
0.833,0.708078145980835,0.4031977951526642,0.9999704360961914,0.30053359270095825,0.399736613035202,0.9997090697288513,0.603010892868042,0.7483956813812256,0.9994848966598511,0.34921470284461975,0.745176374912262,0.9990160465240479,0.7553730607032776,0.6987874507904053,0.9955520033836365,0.18336153030395508,0.696574866771698,0.984271764755249
0.875,0.7069509029388428,0.40160760283470154,0.9999716281890869,0.3005266785621643,0.39877834916114807,0.9997026324272156,0.6031817197799683,0.7436078786849976,0.9994294047355652,0.3524016737937927,0.741183876991272,0.9989548921585083,0.7569785714149475,0.67791748046875,0.9959390759468079,0.18290434777736664,0.6823098659515381,0.9856633543968201
0.917,0.7053000926971436,0.3997442424297333,0.9999538660049438,0.3002503216266632,0.39869871735572815,0.9996765851974487,0.6020906567573547,0.742714524269104,0.998865008354187,0.352448970079422,0.7408902645111084,0.9981710910797119,0.7572457790374756,0.6570383310317993,0.9962744116783142,0.18300822377204895,0.6777029633522034,0.9868940711021423
0.958,0.7041425704956055,0.39984777569770813,0.9999587535858154,0.29940807819366455,0.3987506031990051,0.9995200634002686,0.6020077466964722,0.7404194474220276,0.9985811710357666,0.35352396965026855,0.7384223937988281,0.9974220991134644,0.7580017447471619,0.6388373374938965,0.996588945388794,0.18970149755477905,0.6526279449462891,0.9878742694854736
1.0,0.7033834457397461,0.4002401530742645,0.9999039173126221,0.2993691861629486,0.3984728753566742,0.9989933371543884,0.6005780100822449,0.7316230535507202,0.9969918727874756,0.3554757833480835,0.7298253774642944,0.9947677850723267,0.7579673528671265,0.6175180077552795,0.996698796749115,0.19657458364963531,0.6260125637054443,0.9875084161758423
1.042,0.7035187482833862,0.4009847044944763,0.9995720982551575,0.2997998595237732,0.39925479888916016,0.9964851140975952,0.598857045173645,0.7273685932159424,0.9888929724693298,0.36003124713897705,0.7246702909469604,0.9815075993537903,0.757989227771759,0.6047918200492859,0.9959902167320251,0.20590771734714508,0.6130082607269287,0.9803939461708069
1.083,0.7032113671302795,0.40217816829681396,0.9995827078819275,0.298190712928772,0.4042007327079773,0.9984146356582642,0.5964802503585815,0.7322157025337219,0.9924006462097168,0.36102578043937683,0.7284584045410156,0.9906028509140015,0.7568012475967407,0.5846396684646606,0.9961114525794983,0.2057790905237198,0.5911752581596375,0.981521487236023
1.125,0.7014282941818237,0.40221187472343445,0.9998579025268555,0.29592278599739075,0.40582624077796936,0.9991825222969055,0.5948846936225891,0.7393226027488708,0.9928171634674072,0.35942476987838745,0.7364931702613831,0.9915932416915894,0.753644585609436,0.5780684351921082,0.9964410066604614,0.20651210844516754,0.5796394944190979,0.9832338094711304
1.167,0.6999786496162415,0.4022390842437744,0.9999134540557861,0.29573488235473633,0.40577244758605957,0.9994497895240784,0.5911979079246521,0.7448912262916565,0.995754599571228,0.355625718832016,0.7430198192596436,0.9944625496864319,0.7491831183433533,0.5729889273643494,0.9967235922813416,0.2166629135608673,0.5647536516189575,0.9847987294197083
1.208,0.6999523043632507,0.4022592306137085,0.9999678134918213,0.2936462461948395,0.4064122438430786,0.9998617172241211,0.5911365747451782,0.7533345818519592,0.9984118938446045,0.35104310512542725,0.7495176792144775,0.9982158541679382,0.7482764720916748,0.5675340294837952,0.9970451593399048,0.23172098398208618,0.5503472089767456,0.9863126277923584
1.25,0.6980373859405518,0.4022761285305023,0.9999595880508423,0.2930927574634552,0.40633830428123474,0.9998636245727539,0.5904866456985474,0.7556922435760498,0.9985129237174988,0.34930551052093506,0.750480055809021,0.9981738328933716,0.7421626448631287,0.5522706508636475,0.9973265528678894,0.2393335998058319,0.5347369909286499,0.9876710176467896
1.292,0.696797788143158,0.4023555517196655,0.9999618530273438,0.2930184304714203,0.40629908442497253,0.9998363256454468,0.5896160006523132,0.7565170526504517,0.9985924363136292,0.3490299880504608,0.7512130737304688,0.9980400204658508,0.7414976954460144,0.5459933876991272,0.997580885887146,0.25001654028892517,0.5205157399177551,0.9888937473297119
1.333,0.6953549385070801,0.40239033102989197,0.9999548196792603,0.2927929162979126,0.407146692276001,0.9998788833618164,0.5895994305610657,0.7564996480941772,0.9988638162612915,0.3474329113960266,0.7511839866638184,0.9986987113952637,0.7361459136009216,0.5309076309204102,0.9978156089782715,0.25958529114723206,0.5137636065483093,0.9899982810020447
1.375,0.6938626170158386,0.4024069607257843,0.9999169111251831,0.28959667682647705,0.40860188007354736,0.9997968077659607,0.589641273021698,0.7573989033699036,0.998420000076294,0.3465476632118225,0.7519937753677368,0.9982523322105408,0.7283066511154175,0.5172004699707031,0.9980226755142212,0.2655048966407776,0.5067289471626282,0.990989625453949
1.417,0.6933061480522156,0.40236756205558777,0.9999730587005615,0.28719377517700195,0.40882089734077454,0.9999287128448486,0.589868426322937,0.7575539350509644,0.999342143535614,0.3450873792171478,0.7525765895843506,0.9992456436157227,0.7158565521240234,0.5069501996040344,0.9982180595397949,0.2773360013961792,0.495958536863327,0.9918886423110962
1.458,0.6926600933074951,0.4025154709815979,0.9999220371246338,0.2873496413230896,0.4064027965068817,0.9997978806495667,0.5899984836578369,0.7575046420097351,0.9986817240715027,0.3429850935935974,0.7525302171707153,0.9985576272010803,0.702754557132721,0.49067336320877075,0.9983924627304077,0.28711673617362976,0.4860999584197998,0.9926953315734863
1.5,0.6865836381912231,0.4025265574455261,0.9999014139175415,0.2874997854232788,0.40388259291648865,0.9997736811637878,0.5906018018722534,0.7574167251586914,0.9991018772125244,0.34318768978118896,0.752241849899292,0.9990636706352234,0.6950856447219849,0.47601407766342163,0.9985501170158386,0.28967908024787903,0.4834756553173065,0.993420422077179
1.542,0.6782567501068115,0.39449572563171387,0.999845027923584,0.28722164034843445,0.39990177750587463,0.9995129108428955,0.590863823890686,0.7552651166915894,0.9976790547370911,0.3432101011276245,0.7502973675727844,0.997344434261322,0.6931817531585693,0.4641004502773285,0.9986901879310608,0.29175424575805664,0.4767542779445648,0.9940696358680725
1.583,0.6772536635398865,0.38857319951057434,0.9999068975448608,0.28728193044662476,0.39593690633773804,0.9997015595436096,0.5911217331886292,0.7528181672096252,0.9991844296455383,0.3432080149650574,0.7477248311042786,0.9989616870880127,0.6915454268455505,0.4501679837703705,0.998818576335907,0.2892715632915497,0.47641780972480774,0.9946563243865967
1.625,0.677079975605011,0.3894445598125458,0.9998276233673096,0.28736913204193115,0.3960147500038147,0.9996035695075989,0.5923376679420471,0.754009485244751,0.9993504881858826,0.34392887353897095,0.7500843405723572,0.9992221593856812,0.6904336810112,0.4375820755958557,0.9989331960678101,0.28421106934547424,0.48024898767471313,0.9951798915863037
1.667,0.6757177114486694,0.3915899693965912,0.9998798370361328,0.2865247130393982,0.3962917923927307,0.9997304081916809,0.593559980392456,0.7556067705154419,0.9994857311248779,0.34300678968429565,0.7515615224838257,0.9993571639060974,0.6913011074066162,0.43003049492836,0.9990375638008118,0.26347413659095764,0.4810011684894562,0.9956554770469666
1.708,0.6757947206497192,0.39796990156173706,0.9999063014984131,0.2849942445755005,0.40132424235343933,0.9997939467430115,0.593654990196228,0.758034884929657,0.9995772242546082,0.34247875213623047,0.7554562091827393,0.999477207660675,0.6954290866851807,0.4299015402793884,0.9991323947906494,0.24505387246608734,0.500373899936676,0.9960853457450867
1.75,0.6767839789390564,0.4014996588230133,0.9999186992645264,0.285305380821228,0.40558063983917236,0.9997650980949402,0.5936756730079651,0.7620019912719727,0.9995759129524231,0.3424268960952759,0.758102297782898,0.9994229078292847,0.7036680579185486,0.43197545409202576,0.9992178082466125,0.22911402583122253,0.5131047368049622,0.9964719414710999
1.792,0.6806806325912476,0.40181824564933777,0.9999561309814453,0.2863713204860687,0.405836284160614,0.9998108744621277,0.5936963558197021,0.7625645995140076,0.9994463324546814,0.34386304020881653,0.7579146027565002,0.999176561832428,0.7116832137107849,0.4377097189426422,0.9992935657501221,0.209162175655365,0.5278449654579163,0.9968118071556091
1.833,0.6891734004020691,0.40184155106544495,0.9999196529388428,0.28635311126708984,0.4074350893497467,0.9997550845146179,0.5937137603759766,0.7624651193618774,0.9986701011657715,0.34467843174934387,0.7577840089797974,0.9984763264656067,0.7254436016082764,0.463069885969162,0.999360978603363,0.20764757692813873,0.5382186770439148,0.9971181154251099
1.875,0.6974108219146729,0.40819281339645386,0.9999444484710693,0.2862590551376343,0.40956348180770874,0.9997913241386414,0.5939834117889404,0.7632360458374023,0.9985713958740234,0.34530356526374817,0.7583086490631104,0.9982855916023254,0.7382887601852417,0.48577821254730225,0.9994222521781921,0.2024577260017395,0.5432730317115784,0.9973981380462646
1.917,0.6997717022895813,0.40950506925582886,0.9999812841415405,0.285847544670105,0.4083395302295685,0.9999213218688965,0.5954006314277649,0.7666501402854919,0.9984059929847717,0.3452529013156891,0.7601402997970581,0.9981617331504822,0.7578544616699219,0.51142418384552,0.9994773268699646,0.20448976755142212,0.5398271679878235,0.9976518154144287
1.958,0.7002975940704346,0.4113404154777527,0.9999643564224243,0.284488320350647,0.4099857211112976,0.999850869178772,0.5954000949859619,0.767288327217102,0.9975683093070984,0.3452623188495636,0.7624110579490662,0.9969587326049805,0.7796957492828369,0.5339693427085876,0.9995200037956238,0.20611968636512756,0.539095401763916,0.9978778958320618
2.0,0.7026017308235168,0.41259869933128357,0.9999771118164062,0.28224337100982666,0.41147229075431824,0.9998779296875,0.5950624942779541,0.769087553024292,0.9982872605323792,0.3445567190647125,0.7655514478683472,0.9977869987487793,0.7894108295440674,0.5596094727516174,0.9995631575584412,0.20700639486312866,0.5257901549339294,0.9980869293212891
2.042,0.7021729946136475,0.41473856568336487,0.9999833106994629,0.28229820728302,0.4116024374961853,0.9999203681945801,0.593327522277832,0.7709531188011169,0.9986263513565063,0.34093785285949707,0.7667086720466614,0.9983750581741333,0.7895210981369019,0.5751545429229736,0.9996039271354675,0.21870757639408112,0.5066521763801575,0.9982768893241882
2.083,0.701991856098175,0.4162440896034241,0.9999857544898987,0.28270840644836426,0.4132004380226135,0.9999567270278931,0.5932515263557434,0.7736984491348267,0.998977780342102,0.33906543254852295,0.7713854908943176,0.9987263083457947,0.7858178019523621,0.5845107436180115,0.9996411800384521,0.2350279539823532,0.4891067147254944,0.9984480142593384
2.125,0.6982154846191406,0.4162188470363617,0.9999785423278809,0.28344422578811646,0.4131426513195038,0.9999330043792725,0.5910261869430542,0.7739089727401733,0.9987770915031433,0.337165504693985,0.7710856795310974,0.998724639415741,0.783248782157898,0.5831180214881897,0.9996710419654846,0.2504118084907532,0.45494765043258667,0.9986018538475037
2.167,0.6960821747779846,0.4167748689651489,0.9999663829803467,0.28514865040779114,0.41511455178260803,0.9998487234115601,0.5903691649436951,0.7760695815086365,0.9981593489646912,0.33620285987854004,0.773908793926239,0.9978722333908081,0.78118497133255,0.581626296043396,0.9996942281723022,0.2542648911476135,0.4414624571800232,0.9987390041351318
2.208,0.6945806741714478,0.41678890585899353,0.9999823570251465,0.2892952263355255,0.4146976172924042,0.9999332427978516,0.5883496999740601,0.7758927941322327,0.9992369413375854,0.33513984084129333,0.7738401889801025,0.99913090467453,0.7770888209342957,0.5748087167739868,0.9997212290763855,0.25612953305244446,0.4311926066875458,0.9988637566566467
2.25,0.6908363103866577,0.41663360595703125,0.9999863505363464,0.2914806306362152,0.4149787724018097,0.9999508857727051,0.5895598530769348,0.7745181322097778,0.9993102550506592,0.33576101064682007,0.7719066739082336,0.9991310238838196,0.769901692867279,0.5614733099937439,0.9997469186782837,0.25687214732170105,0.42584773898124695,0.9989756345748901
2.292,0.6899233460426331,0.416485071182251,0.9999830722808838,0.29161083698272705,0.4149268567562103,0.999941349029541,0.5891435742378235,0.7734290957450867,0.9996428489685059,0.33569180965423584,0.7695728540420532,0.9995827078819275,0.7573574185371399,0.5302363038063049,0.9997711181640625,0.2561125159263611,0.4255419969558716,0.9990771412849426
2.333,0.6899486184120178,0.41662007570266724,0.9999736547470093,0.29159003496170044,0.41515645384788513,0.9998711347579956,0.5917770266532898,0.7707531452178955,0.9993797540664673,0.33613184094429016,0.7658347487449646,0.9992179870605469,0.7429345846176147,0.5067880749702454,0.9997925162315369,0.25597888231277466,0.4284149706363678,0.9991670846939087
2.375,0.6887398958206177,0.41622209548950195,0.9999212026596069,0.29025980830192566,0.41526082158088684,0.9997372031211853,0.5918174982070923,0.7698727250099182,0.9994587302207947,0.3365262448787689,0.7659108638763428,0.9993316531181335,0.7348186373710632,0.4835773706436157,0.9998113512992859,0.25489193201065063,0.432355135679245,0.9992465972900391
2.417,0.6865737438201904,0.41100072860717773,0.9999116659164429,0.2884254455566406,0.41333383321762085,0.9996840953826904,0.5921218395233154,0.7686940431594849,0.9993476271629333,0.3362818658351898,0.7633050680160522,0.9991936087608337,0.7251948118209839,0.4642045199871063,0.999828040599823,0.24558432400226593,0.44773539900779724,0.9993150234222412
2.458,0.6848612427711487,0.4075319468975067,0.9998733997344971,0.2869422733783722,0.4111071825027466,0.9997076392173767,0.5924282073974609,0.7666639089584351,0.999276340007782,0.33621156215667725,0.7611139416694641,0.9992135763168335,0.7163237929344177,0.45075660943984985,0.9998436570167542,0.23451775312423706,0.47299057245254517,0.9993792772293091
2.5,0.683638870716095,0.4066731035709381,0.9998811483383179,0.28213563561439514,0.40709441900253296,0.9996933937072754,0.5924699306488037,0.7663609385490417,0.9993315935134888,0.336202472448349,0.7608771324157715,0.9992104768753052,0.7120890021324158,0.44125840067863464,0.9998570680618286,0.22169972956180573,0.49491530656814575,0.9994350671768188
2.542,0.6804821491241455,0.40772774815559387,0.999927282333374,0.2772289514541626,0.40840697288513184,0.9997562766075134,0.5924747586250305,0.767033576965332,0.9996646642684937,0.3362213373184204,0.76349276304245,0.9995235204696655,0.7121284008026123,0.43215644359588623,0.9998700022697449,0.2095821648836136,0.5095003247261047,0.9994861483573914
2.583,0.67899489402771,0.40933483839035034,0.999948263168335,0.2773358225822449,0.4096680283546448,0.999832034111023,0.5918619632720947,0.7688950896263123,0.9997294545173645,0.33485686779022217,0.7637330293655396,0.9996354579925537,0.712199866771698,0.42924952507019043,0.9998824000358582,0.20671939849853516,0.5220319628715515,0.9995351433753967
2.625,0.6779500842094421,0.4114123582839966,0.9999136924743652,0.2773643434047699,0.41127118468284607,0.9998083710670471,0.5918412804603577,0.7689840197563171,0.9995468258857727,0.33470526337623596,0.7638513445854187,0.9994552731513977,0.7125183939933777,0.4309714138507843,0.9998923540115356,0.20665733516216278,0.5274273157119751,0.9995761513710022
2.667,0.6779285669326782,0.41278010606765747,0.9999221563339233,0.2772986590862274,0.41318294405937195,0.999771773815155,0.5916510224342346,0.7695527076721191,0.9996318817138672,0.3347301483154297,0.7647889256477356,0.9995065927505493,0.7143874764442444,0.4345870614051819,0.9999017715454102,0.20767970383167267,0.5275648236274719,0.9996138215065002
2.708,0.6779059767723083,0.41222214698791504,0.9999637603759766,0.27691972255706787,0.4132184684276581,0.9998443126678467,0.5920336246490479,0.7694072723388672,0.9996322393417358,0.3365001678466797,0.7647756934165955,0.9994162321090698,0.7269465923309326,0.43820199370384216,0.9999072551727295,0.20804733037948608,0.526434600353241,0.9996352195739746
2.75,0.6794471740722656,0.41091659665107727,0.9999661445617676,0.27691951394081116,0.41307348012924194,0.9998599290847778,0.5920515656471252,0.7673991918563843,0.9993719458580017,0.33685433864593506,0.7632459402084351,0.9990782737731934,0.7409980297088623,0.4650954008102417,0.9999143481254578,0.21190516650676727,0.5225455164909363,0.9996668100357056
2.792,0.6859564781188965,0.41112422943115234,0.999969482421875,0.27653002738952637,0.4134635031223297,0.9998407363891602,0.5924416184425354,0.7677855491638184,0.9989732503890991,0.3370010554790497,0.7634152770042419,0.9986283779144287,0.7525904774665833,0.49405375123023987,0.9999211430549622,0.22461478412151337,0.509951651096344,0.999697208404541
2.833,0.6901142597198486,0.41160547733306885,0.9999747276306152,0.2774014174938202,0.41290056705474854,0.9997954964637756,0.5924713015556335,0.7673556804656982,0.9990125894546509,0.3369576036930084,0.7630174160003662,0.9984714388847351,0.760518491268158,0.5156434178352356,0.9999266862869263,0.23447179794311523,0.4880943298339844,0.9997244477272034
2.875,0.6889905333518982,0.41143497824668884,0.9999788999557495,0.27727553248405457,0.4127938449382782,0.9998648166656494,0.5916430950164795,0.7662190794944763,0.9989222288131714,0.33482202887535095,0.7625449895858765,0.9986405968666077,0.7733358144760132,0.5403172969818115,0.9999322295188904,0.23991438746452332,0.46320104598999023,0.9997504353523254
2.917,0.6888706684112549,0.4115750193595886,0.9999699592590332,0.2786794900894165,0.41452252864837646,0.9997716546058655,0.5907806158065796,0.7682995796203613,0.9986476302146912,0.33425790071487427,0.7654950618743896,0.9982841610908508,0.7787864208221436,0.5572288632392883,0.9999361038208008,0.24319905042648315,0.44749337434768677,0.9997732043266296
2.958,0.6887468099594116,0.4136826694011688,0.9999862313270569,0.28109291195869446,0.4152843952178955,0.9999163150787354,0.5898776650428772,0.7699201107025146,0.9987817406654358,0.3337496519088745,0.7671412229537964,0.998380184173584,0.78102707862854,0.5727691054344177,0.9999399781227112,0.245168074965477,0.4379309415817261,0.9997943043708801
3.0,0.6888554692268372,0.41565412282943726,0.9999706745147705,0.2838093340396881,0.41665899753570557,0.9998370409011841,0.5888129472732544,0.7732203602790833,0.9984745383262634,0.3335099518299103,0.7708857655525208,0.9982473850250244,0.7790823578834534,0.5758733153343201,0.9999415874481201,0.24693141877651215,0.42741671204566956,0.9998130798339844
3.042,0.6880057454109192,0.4158651828765869,0.9999867081642151,0.28424593806266785,0.4166633188724518,0.999940037727356,0.5883433818817139,0.7737082839012146,0.9992371797561646,0.33316537737846375,0.7709619998931885,0.9990222454071045,0.7758601903915405,0.5737195014953613,0.9999447464942932,0.2502003610134125,0.41757944226264954,0.9998305439949036
3.083,0.6865019798278809,0.41560202836990356,0.9999873042106628,0.2852897644042969,0.4158220887184143,0.9999169111251831,0.5869472026824951,0.7732378244400024,0.9994469285011292,0.33085334300994873,0.7698065042495728,0.9992352724075317,0.7732228636741638,0.5693663954734802,0.9999480247497559,0.25026991963386536,0.41572028398513794,0.9998463988304138
3.125,0.6847847104072571,0.41545799374580383,0.9999879598617554,0.2853812575340271,0.41487857699394226,0.999947190284729,0.5869786143302917,0.7700804471969604,0.999452531337738,0.3309389054775238,0.7673580646514893,0.9993652701377869,0.764471173286438,0.5644864439964294,0.9999514222145081,0.24995893239974976,0.41762956976890564,0.9998604655265808
3.167,0.6844466924667358,0.4152234196662903,0.9999747276306152,0.28542181849479675,0.414931982755661,0.9998794794082642,0.5871577262878418,0.7660619020462036,0.999165415763855,0.33134251832962036,0.7638583779335022,0.9989998936653137,0.7555356621742249,0.5505010485649109,0.9999542832374573,0.2479076087474823,0.42128920555114746,0.9998727440834045
3.208,0.6842476725578308,0.41502583026885986,0.9999425411224365,0.28507769107818604,0.41507673263549805,0.9998028874397278,0.5873039960861206,0.7635580897331238,0.9984853863716125,0.3316117823123932,0.7622029185295105,0.9983382225036621,0.7435238361358643,0.5315408110618591,0.9999554753303528,0.24566330015659332,0.42330437898635864,0.9998823404312134
3.25,0.6849720478057861,0.4138943552970886,0.999901533126831,0.28358590602874756,0.41357699036598206,0.9996927976608276,0.5886728167533875,0.7623493671417236,0.9988364577293396,0.33212488889694214,0.7610105872154236,0.9986661672592163,0.7342780232429504,0.5165716409683228,0.9999536275863647,0.24353726208209991,0.443067342042923,0.9998866319656372
3.292,0.686847984790802,0.41291967034339905,0.9999241828918457,0.28275981545448303,0.4092775881290436,0.9996898174285889,0.5904181599617004,0.7596837282180786,0.9986094236373901,0.3334338366985321,0.7570042014122009,0.9983009696006775,0.7276593446731567,0.5040034055709839,0.9999520778656006,0.2357122153043747,0.4645785689353943,0.9998868107795715
3.333,0.6883620023727417,0.41104981303215027,0.9999791383743286,0.2821606993675232,0.4076234698295593,0.999944806098938,0.5910999774932861,0.7598602771759033,0.999614953994751,0.33357274532318115,0.7571521997451782,0.9995725750923157,0.7237935662269592,0.4925544261932373,0.9999560713768005,0.22771374881267548,0.4841074049472809,0.999896764755249
3.375,0.6882548928260803,0.4061756134033203,0.999951958656311,0.27824318408966064,0.40674149990081787,0.999840497970581,0.5912495851516724,0.7597607374191284,0.9993446469306946,0.3336448669433594,0.7566072940826416,0.9992668032646179,0.71981281042099,0.482174277305603,0.9999586939811707,0.22070519626140594,0.4994138777256012,0.9999032616615295
3.417,0.6878066062927246,0.40420401096343994,0.9999433755874634,0.2756599485874176,0.407725065946579,0.9998120665550232,0.5916123986244202,0.7619885802268982,0.9992808699607849,0.3343886733055115,0.758202075958252,0.9991412162780762,0.7172025442123413,0.47382572293281555,0.999961256980896,0.21711435914039612,0.5119849443435669,0.9999089241027832
3.458,0.6875162720680237,0.40376168489456177,0.9999431371688843,0.27447161078453064,0.4087652564048767,0.999842643737793,0.5908157229423523,0.7620636820793152,0.9991610050201416,0.3342892825603485,0.7587100267410278,0.9990359544754028,0.7179096341133118,0.4722791910171509,0.9999632239341736,0.21663855016231537,0.5165908932685852,0.9999141097068787
3.5,0.6874244213104248,0.4029894471168518,0.9999265670776367,0.27442681789398193,0.40905168652534485,0.999847412109375,0.591752290725708,0.7615669369697571,0.9993239641189575,0.33518797159194946,0.7587218880653381,0.9993256330490112,0.7185772657394409,0.47123706340789795,0.9999640583992004,0.21679586172103882,0.5205552577972412,0.9999175071716309
3.542,0.6873839497566223,0.40308046340942383,0.9999687671661377,0.2737930119037628,0.41019493341445923,0.9999251365661621,0.5918227434158325,0.7615885734558105,0.9995558857917786,0.33534836769104004,0.7587503790855408,0.9995104074478149,0.7231026291847229,0.47466662526130676,0.9999664425849915,0.21927756071090698,0.5213478803634644,0.9999231696128845
3.583,0.6874529123306274,0.4031607508659363,0.999947190284729,0.27377793192863464,0.4101860821247101,0.9998461008071899,0.5929299592971802,0.7616091370582581,0.9993321299552917,0.3375585377216339,0.7587353587150574,0.9992031455039978,0.7244880199432373,0.47633734345436096,0.9999668598175049,0.2228492647409439,0.5201907157897949,0.9999246597290039
3.625,0.690540075302124,0.4036184549331665,0.9999732971191406,0.27376434206962585,0.41016876697540283,0.999935507774353,0.5932120680809021,0.7619264125823975,0.9994620680809021,0.3375849425792694,0.7594764232635498,0.999396562576294,0.7279952764511108,0.4877128601074219,0.999968945980072,0.2253332883119583,0.5168925523757935,0.9999305009841919
3.667,0.6914057731628418,0.40389782190322876,0.9999539852142334,0.2738485038280487,0.4088532626628876,0.9998190999031067,0.5932888388633728,0.762609601020813,0.9989206790924072,0.3376009464263916,0.7601462602615356,0.9986888766288757,0.7346765995025635,0.5100495219230652,0.9999685883522034,0.23043349385261536,0.5090374946594238,0.9999340772628784
3.708,0.6892900466918945,0.404880166053772,0.999956488609314,0.2759131193161011,0.4081130027770996,0.999760091304779,0.5931685566902161,0.7626276016235352,0.9984111785888672,0.3375355005264282,0.7602832317352295,0.9980292916297913,0.741274356842041,0.536299467086792,0.9999620914459229,0.23909084498882294,0.4927024245262146,0.9999372959136963
3.75,0.6878721714019775,0.4060668647289276,0.999954342842102,0.27751460671424866,0.408002108335495,0.9997304081916809,0.5926181674003601,0.762120246887207,0.9981204867362976,0.33739978075027466,0.7602013349533081,0.9977433681488037,0.746900200843811,0.5560733675956726,0.9999207258224487,0.24399781227111816,0.47150447964668274,0.9999402761459351
3.792,0.687869668006897,0.40809449553489685,0.9999444484710693,0.2791510224342346,0.4097025990486145,0.9996142387390137,0.5924792885780334,0.7638424038887024,0.9986132383346558,0.3373126685619354,0.7627999186515808,0.9983764886856079,0.7469621896743774,0.569304883480072,0.999934196472168,0.2494700700044632,0.44800904393196106,0.9999437928199768
3.833,0.6878629922866821,0.4090385437011719,0.9999594688415527,0.28469720482826233,0.4104379415512085,0.9997448325157166,0.5919634699821472,0.7652790546417236,0.9989237189292908,0.33666589856147766,0.7636786699295044,0.9986945986747742,0.7340688109397888,0.5771886110305786,0.9999544620513916,0.2518523931503296,0.43928223848342896,0.9999473094940186
3.875,0.6891420483589172,0.4097054898738861,0.9999788999557495,0.28945332765579224,0.41123485565185547,0.9998401403427124,0.5919876098632812,0.7655889987945557,0.9990112781524658,0.3365897834300995,0.7641415596008301,0.9986637830734253,0.7213687896728516,0.5814498662948608,0.9999599456787109,0.253815621137619,0.4360088109970093,0.9999505877494812
3.917,0.6893418431282043,0.41023048758506775,0.9999721050262451,0.2929939925670624,0.4147874414920807,0.9997259974479675,0.5919869542121887,0.7663986682891846,0.9992930889129639,0.33661943674087524,0.7642905116081238,0.9990355968475342,0.708868145942688,0.5813785791397095,0.9999600052833557,0.2534383535385132,0.4321680963039398,0.9999533891677856
3.958,0.6892352104187012,0.41025710105895996,0.9999772310256958,0.2929418087005615,0.41438019275665283,0.9998277425765991,0.5919070243835449,0.7653961181640625,0.9989790916442871,0.33602821826934814,0.7629610300064087,0.9986357092857361,0.7043551802635193,0.577311098575592,0.9999605417251587,0.2530035972595215,0.435602068901062,0.9999547004699707
4.0,0.6898741126060486,0.4103253483772278,0.9999865889549255,0.29298052191734314,0.4144308865070343,0.9999169111251831,0.5916935801506042,0.765731692314148,0.9994229078292847,0.3360956311225891,0.7629784941673279,0.9992130994796753,0.7040053009986877,0.5652914047241211,0.9999626278877258,0.24767586588859558,0.43883633613586426,0.9999567866325378
4.042,0.6905954480171204,0.40868231654167175,0.9999874830245972,0.2929155230522156,0.40637803077697754,0.999934196472168,0.5923389792442322,0.7649162411689758,0.9996090531349182,0.3363000154495239,0.7606302499771118,0.9995138645172119,0.6943855881690979,0.5388254523277283,0.9999650716781616,0.24505867063999176,0.45637619495391846,0.9999587535858154
4.083,0.6943471431732178,0.4084068834781647,0.9998788833618164,0.29284927248954773,0.40337759256362915,0.999747097492218,0.5936944484710693,0.7649309635162354,0.9986733198165894,0.3378995954990387,0.7600097060203552,0.9986818432807922,0.6898769736289978,0.5098496675491333,0.9999631643295288,0.24384604394435883,0.47709932923316956,0.9999575018882751
4.125,0.6943361759185791,0.4075010418891907,0.9998953342437744,0.28963929414749146,0.4026080071926117,0.999775230884552,0.5973700284957886,0.7640463709831238,0.9986509680747986,0.34241291880607605,0.7594611048698425,0.9985881447792053,0.6915984153747559,0.4922887682914734,0.9999620914459229,0.24148766696453094,0.5002121329307556,0.9999536871910095
4.167,0.6943406462669373,0.4015977084636688,0.999944806098938,0.2898186147212982,0.4027123749256134,0.9998435974121094,0.5982195734977722,0.7627041935920715,0.9995771050453186,0.3462085425853729,0.7583552002906799,0.9994268417358398,0.691909909248352,0.46884891390800476,0.9999640583992004,0.24132493138313293,0.5153861045837402,0.9999527335166931
4.208,0.6939480304718018,0.3973410725593567,0.999957799911499,0.28999626636505127,0.4027734696865082,0.9998711347579956,0.6013789772987366,0.7588168382644653,0.9997902512550354,0.3489803075790405,0.7537491321563721,0.9996716976165771,0.6960346698760986,0.44914373755455017,0.9999641180038452,0.24138914048671722,0.5232855081558228,0.9999459385871887
4.25,0.693916380405426,0.3977870047092438,0.99991774559021,0.2916131019592285,0.4031026363372803,0.9997773766517639,0.6047122478485107,0.7612422108650208,0.9997197985649109,0.3508238196372986,0.7550796866416931,0.9996527433395386,0.7068970203399658,0.43198588490486145,0.9999662041664124,0.25092366337776184,0.5205101370811462,0.9999457597732544
4.292,0.6928813457489014,0.39724481105804443,0.9999247789382935,0.2915370762348175,0.4031312167644501,0.9996892213821411,0.6080741286277771,0.7608043551445007,0.999651312828064,0.35120323300361633,0.7548646926879883,0.9994632601737976,0.7156636714935303,0.4289401173591614,0.9999671578407288,0.25376835465431213,0.5212418437004089,0.9999398589134216
4.333,0.6928671598434448,0.3974156379699707,0.9999440908432007,0.291776567697525,0.40329688787460327,0.9998445510864258,0.6090905070304871,0.7608556151390076,0.9997207522392273,0.35114866495132446,0.7550479173660278,0.999650239944458,0.7244660258293152,0.429195374250412,0.9999695420265198,0.25746169686317444,0.517403781414032,0.9999430179595947
4.375,0.6928227543830872,0.3966473639011383,0.9998871088027954,0.29246535897254944,0.402621328830719,0.999582827091217,0.6101310849189758,0.7616052627563477,0.9994608759880066,0.35258397459983826,0.7554031610488892,0.9992782473564148,0.7301239967346191,0.4341420531272888,0.9999701380729675,0.2694990038871765,0.5010935068130493,0.9999409914016724
4.417,0.6937742233276367,0.3933424651622772,0.9999209642410278,0.2932196855545044,0.39709073305130005,0.9997096657752991,0.6102285981178284,0.7593165636062622,0.9994412064552307,0.3521561324596405,0.7531875967979431,0.9992530941963196,0.7342672944068909,0.4364073574542999,0.9999692440032959,0.28047314286231995,0.4742625057697296,0.9999409914016724
4.458,0.6993266940116882,0.3935566544532776,0.9999359846115112,0.2932625412940979,0.3960597515106201,0.9997615218162537,0.6101961135864258,0.7581740617752075,0.9993512034416199,0.3521178960800171,0.752532958984375,0.9991703033447266,0.751787006855011,0.47239479422569275,0.9999686479568481,0.28260350227355957,0.4542519450187683,0.9999430179595947
4.5,0.7006613612174988,0.39447107911109924,0.9999605417251587,0.29523319005966187,0.39626380801200867,0.9998328685760498,0.6103813052177429,0.7577793598175049,0.9990496039390564,0.3524940609931946,0.7523779273033142,0.9989504218101501,0.7597377300262451,0.5039886236190796,0.9999694228172302,0.2812994122505188,0.4356469511985779,0.9999470710754395
4.542,0.7008082270622253,0.3972454369068146,0.9999512434005737,0.2984296381473541,0.4003520905971527,0.9995654225349426,0.6100913286209106,0.7593289017677307,0.998875081539154,0.35262373089790344,0.7553711533546448,0.9982253909111023,0.7703283429145813,0.5380334854125977,0.999935507774353,0.28085649013519287,0.4321756064891815,0.9999458193778992
4.583,0.7052786946296692,0.40054789185523987,0.9998568296432495,0.3035167455673218,0.40611210465431213,0.9994910955429077,0.6099533438682556,0.7646873593330383,0.9978406429290771,0.3525782823562622,0.762381911277771,0.997748076915741,0.7668690085411072,0.569551944732666,0.9996892213821411,0.27957937121391296,0.4337218701839447,0.999947726726532
4.625,0.7074045538902283,0.4021488130092621,0.9997560381889343,0.3080936074256897,0.40788355469703674,0.999131977558136,0.607483983039856,0.7665554285049438,0.9955832362174988,0.3515264093875885,0.7631914019584656,0.995088517665863,0.7616675496101379,0.5896202921867371,0.998660683631897,0.27215689420700073,0.43712514638900757,0.9998965263366699
4.667,0.7104077935218811,0.40454262495040894,0.9982956051826477,0.30797097086906433,0.40782883763313293,0.998794674873352,0.608655571937561,0.7664570808410645,0.9908919930458069,0.35400453209877014,0.7630214095115662,0.9937244057655334,0.750476598739624,0.625752866268158,0.9812623858451843,0.2650226354598999,0.4450922906398773,0.9997648596763611
4.708,0.7103568911552429,0.4050557017326355,0.9999476075172424,0.3084816634654999,0.4077015817165375,0.9998266100883484,0.6088799834251404,0.7664210796356201,0.9997031092643738,0.35703909397125244,0.7629759311676025,0.9996617436408997,0.8031624555587769,0.6383224725723267,0.9991142749786377,0.25354447960853577,0.4678494334220886,0.9999192953109741
4.75,0.7109577655792236,0.4050353169441223,0.9999523758888245,0.3087970018386841,0.405645489692688,0.9998893737792969,0.6107025742530823,0.7661400437355042,0.9997307062149048,0.3618963956832886,0.7624994516372681,0.9996906518936157,0.8243780732154846,0.6636937856674194,0.9991932511329651,0.23800839483737946,0.48425713181495667,0.9999258518218994
4.792,0.7113535404205322,0.4049547016620636,0.9999569058418274,0.30649980902671814,0.4054548442363739,0.9999070167541504,0.610837996006012,0.7651753425598145,0.9997562766075134,0.3622858226299286,0.7624578475952148,0.9997187852859497,0.8284116983413696,0.6800189018249512,0.9992673397064209,0.2227824479341507,0.5068848133087158,0.9999318718910217
4.833,0.7119366526603699,0.40483787655830383,0.9999608397483826,0.3056538999080658,0.4055314064025879,0.9998518228530884,0.6107403039932251,0.7651432752609253,0.9997777938842773,0.36264076828956604,0.7624008059501648,0.9996237754821777,0.8313437104225159,0.6993409991264343,0.9993314146995544,0.20634403824806213,0.5299917459487915,0.99993497133255
4.875,0.7119772434234619,0.40402331948280334,0.9999642968177795,0.30551421642303467,0.4064466059207916,0.9996957778930664,0.6100709438323975,0.7634034156799316,0.9996577501296997,0.36283841729164124,0.7611181735992432,0.9991859793663025,0.8335752487182617,0.7126917839050293,0.9993826150894165,0.187183678150177,0.5550945997238159,0.999927282333374
4.917,0.7145408987998962,0.40362247824668884,0.9999672770500183,0.30708497762680054,0.40628236532211304,0.9995923638343811,0.6098385453224182,0.7607340812683105,0.9994970560073853,0.36284369230270386,0.7581348419189453,0.998822033405304,0.8317734599113464,0.7227199673652649,0.9994268417358398,0.18258361518383026,0.5668313503265381,0.9999083280563354
4.958,0.7153971791267395,0.4039808511734009,0.9999697804450989,0.30815589427948,0.4067244529724121,0.9987186193466187,0.6098166108131409,0.7620638012886047,0.999485969543457,0.36320045590400696,0.7598570585250854,0.9982858300209045,0.8300990462303162,0.7363541126251221,0.999467134475708,0.1858597695827484,0.5822232365608215,0.9996547698974609
5.0,0.7175977230072021,0.40400823950767517,0.9999649524688721,0.3117063641548157,0.40434762835502625,0.9975249171257019,0.6105266213417053,0.7619378566741943,0.9990242719650269,0.3633054792881012,0.7598375082015991,0.9964319467544556,0.828973650932312,0.7500103712081909,0.999470055103302,0.17827768623828888,0.6008012294769287,0.9966488480567932
5.042,0.7191978096961975,0.40525493025779724,0.999950647354126,0.3121340274810791,0.40435171127319336,0.9988299012184143,0.6122984290122986,0.7661556005477905,0.9993225336074829,0.36330488324165344,0.7626151442527771,0.9984831213951111,0.8283785581588745,0.7585799694061279,0.9994919300079346,0.17203262448310852,0.6274535059928894,0.9989448189735413
5.083,0.7227998971939087,0.4054768979549408,0.99996018409729,0.31373563408851624,0.3999737501144409,0.9994213581085205,0.6165469884872437,0.7660751342773438,0.9993727803230286,0.36328673362731934,0.7623327374458313,0.9986842274665833,0.8280254602432251,0.7713968753814697,0.9994747638702393,0.16147060692310333,0.6567734479904175,0.9989655613899231
5.125,0.7287516593933105,0.4062535762786865,0.9999192953109741,0.3185035288333893,0.39953869581222534,0.9991311430931091,0.6194360256195068,0.7677454948425293,0.9986801743507385,0.3639414310455322,0.7624037861824036,0.9975912570953369,0.8263683915138245,0.7853211164474487,0.9993914365768433,0.15657678246498108,0.6833977699279785,0.9986454844474792
5.167,0.7297932505607605,0.4062802493572235,0.9998148083686829,0.318643182516098,0.39961427450180054,0.998236894607544,0.6259293556213379,0.7686322331428528,0.9954368472099304,0.3691630959510803,0.7636934518814087,0.9922492504119873,0.8200461864471436,0.7848796844482422,0.998734176158905,0.15261602401733398,0.7109872698783875,0.9947056174278259
5.208,0.72994464635849,0.4061402678489685,0.9998925924301147,0.31998690962791443,0.3991258144378662,0.9989075660705566,0.6282073855400085,0.7686280012130737,0.9971696734428406,0.3713834583759308,0.7636562585830688,0.9954054355621338,0.8146454095840454,0.778774082660675,0.998954713344574,0.15307754278182983,0.7315680980682373,0.9975209832191467
5.25,0.7331759929656982,0.40610313415527344,0.9997594952583313,0.3202850818634033,0.39897221326828003,0.9987741112709045,0.6320896744728088,0.7688714861869812,0.9972551465034485,0.3739945888519287,0.763714075088501,0.9962338805198669,0.8107082843780518,0.7835559844970703,0.9986934661865234,0.15473374724388123,0.7483839392662048,0.9964389801025391
5.292,0.7360957264900208,0.406136155128479,0.9997197985649109,0.32025256752967834,0.3989942669868469,0.9988150596618652,0.6344241499900818,0.7696118950843811,0.9973234534263611,0.37547823786735535,0.7641969919204712,0.996577799320221,0.8090430498123169,0.7821414470672607,0.9984222054481506,0.15750357508659363,0.7631235122680664,0.9968392848968506
5.333,0.7384375929832458,0.40591758489608765,0.9996988773345947,0.32086265087127686,0.39891257882118225,0.9987505674362183,0.6352531909942627,0.7697492241859436,0.9977721571922302,0.37592780590057373,0.7647013664245605,0.9969640374183655,0.8079190254211426,0.7871299386024475,0.9981206059455872,0.1663026362657547,0.7756281495094299,0.996383547782898
5.375,0.739713191986084,0.40595734119415283,0.9996556043624878,0.3209618628025055,0.39894890785217285,0.9986259937286377,0.6369141340255737,0.7701219320297241,0.9977025389671326,0.377496600151062,0.7653270959854126,0.9969106316566467,0.8073546886444092,0.786048412322998,0.9978384971618652,0.18355770409107208,0.7734472751617432,0.9959637522697449
5.417,0.7407347559928894,0.40553680062294006,0.9996659755706787,0.3218313455581665,0.3987465798854828,0.9982737302780151,0.6371729969978333,0.7704005837440491,0.9967520236968994,0.3775356709957123,0.7659720182418823,0.9952607750892639,0.8062308430671692,0.7867559790611267,0.9975239634513855,0.19336174428462982,0.7769003510475159,0.9952404499053955
5.458,0.7425775527954102,0.40553638339042664,0.999538779258728,0.32182881236076355,0.3992827236652374,0.9985803365707397,0.6378767490386963,0.7708665728569031,0.9955567717552185,0.37800607085227966,0.7663179039955139,0.9950408339500427,0.8025133013725281,0.7893677353858948,0.9970775842666626,0.20667392015457153,0.7897910475730896,0.9947099685668945
5.5,0.7442997097969055,0.40554332733154297,0.9995668530464172,0.3218822479248047,0.39943599700927734,0.9980039000511169,0.6387134194374084,0.7707241773605347,0.9930009841918945,0.3782549202442169,0.7659553289413452,0.9911303520202637,0.7988195419311523,0.7898013591766357,0.9966351389884949,0.21917958557605743,0.7836365103721619,0.9934111833572388
5.542,0.7450372576713562,0.4055619537830353,0.9995824694633484,0.322501540184021,0.3994150161743164,0.9979922771453857,0.6411744952201843,0.7711381912231445,0.9959123730659485,0.38045236468315125,0.7659440636634827,0.9944028258323669,0.7955601215362549,0.7889153957366943,0.9962680339813232,0.23127150535583496,0.7756943106651306,0.9924547672271729
5.583,0.7469737529754639,0.4057166278362274,0.9995917677879333,0.3232513964176178,0.3989277482032776,0.9984914064407349,0.6412094831466675,0.7710049152374268,0.990608811378479,0.38145095109939575,0.7655046582221985,0.9879509806632996,0.7896707057952881,0.7896614670753479,0.9949756264686584,0.2388646900653839,0.772853672504425,0.9888327121734619
5.625,0.7477542757987976,0.4057183861732483,0.9994322657585144,0.3232891261577606,0.39865797758102417,0.9984757304191589,0.642288088798523,0.7708787322044373,0.9919514656066895,0.3819921314716339,0.765244722366333,0.9915351867675781,0.785180926322937,0.7891122102737427,0.9942975640296936,0.2500859498977661,0.7733360528945923,0.9879831671714783
5.667,0.7494379281997681,0.4067883789539337,0.9994480013847351,0.323049396276474,0.3994181156158447,0.9977684020996094,0.6427037715911865,0.7712005376815796,0.9893972873687744,0.3823767900466919,0.7653951644897461,0.9869555830955505,0.7810476422309875,0.7884266376495361,0.9930551648139954,0.2551927864551544,0.7730563282966614,0.9841707944869995
5.708,0.7494291663169861,0.40678906440734863,0.999510645866394,0.3231286406517029,0.3992809057235718,0.9969630837440491,0.6426188945770264,0.7703139781951904,0.9814388155937195,0.3823047876358032,0.7631244659423828,0.9728137254714966,0.778071939945221,0.7881445288658142,0.9916965961456299,0.2578221261501312,0.7721619009971619,0.9750188589096069
5.75,0.7494146823883057,0.4054688513278961,0.9995412826538086,0.323079913854599,0.39932480454444885,0.9977090358734131,0.6433003544807434,0.7674053311347961,0.9875025749206543,0.38401296734809875,0.7601774334907532,0.9836709499359131,0.778403103351593,0.7830646634101868,0.9909375905990601,0.2585951089859009,0.7728074789047241,0.9739325642585754
