phase,valid,reference_left_x,suit_left_x,non_suit_left_x,reference_left_y,suit_left_y,non_suit_left_y,suit_left_error,non_suit_left_error,reference_right_x,suit_right_x,non_suit_right_x,reference_right_y,suit_right_y,non_suit_right_y,suit_right_error,non_suit_right_error
0.0,1,0.6145136605688944,0.544131719657596,0.8236661014127945,0.9080399393903387,0.7637247767278209,1.1370953184223702,0.1605630212120788,0.3101791581884069,-0.7379975745271873,-0.8399200208024674,-0.5348290745939777,0.8618445409346398,0.7711062496682131,0.19952491499794114,0.1364610660836572,0.6927804314976276
0.01,1,0.6152414468248257,0.5286030117486327,0.82268626073479,0.8767199076916176,0.7338073878797216,1.1119569099042426,0.16712332796901003,0.31363959894777677,-0.7569135869839287,-0.8476913423549348,-0.5351941516964729,0.844901302820525,0.7547500782003398,0.18501304452899925,0.12793687572673215,0.6961408057391922
0.02,1,0.6173903800675106,0.513556090361688,0.8177291264931137,0.8321944619492584,0.6928917430141094,1.0873418180003054,0.17374350986853526,0.32440065755053865,-0.7708786270087893,-0.8579872870610236,-0.5342970351450231,0.8110659597524359,0.7352380670765637,0.16604791986584005,0.11548934134265079,0.6870364774798641
0.03,1,0.6166483059051362,0.4993892542329599,0.8033969431370687,0.7883330549637567,0.6328884255645394,1.063960258115531,0.1947118846093328,0.3329345410516208,-0.7853181841784349,-0.8707680164387877,-0.530424747837846,0.7684061578478218,0.7113364254621479,0.1365858388877405,0.10275518569831335,0.6812984510039141
0.04,1,0.6187699594940731,0.4872886354614637,0.7793241692568081,0.7451981874337098,0.560867176561817,1.043310522887907,0.22641832995237357,0.3385980195194474,-0.7921783815831134,-0.8865189644980512,-0.5179008388551486,0.7368558912268699,0.6829650609713411,0.08409428283199262,0.10864790458338568,0.7080437047521556
0.05,1,0.6244886344762598,0.4778873993373309,0.7486417089494007,0.6945610799137587,0.4784532093972527,1.0245145258204928,0.26114083143667605,0.352538313331844,-0.7924393017679408,-0.904885321495675,-0.49950618659263396,0.7024963053184365,0.6493811143069098,0.015975582973554704,0.12435968345408803,0.7464050590498753
0.06,1,0.6283418497833353,0.47420409917824347,0.7129663116002932,0.6390924903078135,0.3886462516023625,1.0062576544279438,0.29407782072659816,0.3767911321689671,-0.7898799850290692,-0.9242434089592898,-0.46484644707493594,0.6882158515095065,0.6060606397410043,-0.10104928891939237,0.15748970922247466,0.8535726464052316
0.07,1,0.6329196474999773,0.474159115020624,0.6797612697984542,0.5859501062302978,0.30161030222331986,0.9864383191457196,0.32565937851665566,0.403218236521789,-0.7688296927509332,-0.9408493337237533,-0.4310489200903284,0.6186084494951251,0.5519226641729497,-0.217347483923351,0.18449322709642546,0.9016197496709745
0.08,1,0.6335701401302075,0.4760697721781821,0.6594962954340847,0.5308787635137328,0.21999246063452133,0.9597509250112615,0.34850632594391767,0.42965509008552794,-0.7474716728552543,-0.9544452788101624,-0.40906741898216903,0.5516949132322108,0.4883539250922913,-0.3059950201934861,0.2164489647480879,0.9220354987413315
0.09,1,0.6328643082101931,0.47929473658480404,0.6494594978422947,0.48381301129886883,0.146326317608861,0.9305074404874735,0.3707841444115682,0.44700258767378376,-0.729667039851857,-0.9643389455451541,-0.3960973626863593,0.5025364142189713,0.41447954090085876,-0.3722127212767188,0.2506489901441573,0.9361916361380033
0.1,1,0.6310480663140741,0.48196053648680354,0.6500955803610222,0.4385678843371825,0.08196974867357608,0.8985967312096039,0.3865091485447106,0.4604230095750411,-0.724823967851615,-0.9684806502015667,-0.3925305531512627,0.44828677256928,0.3280483591558761,-0.4150253769475301,0.27170913660375484,0.9250550150972403
0.11,1,0.623827055499145,0.4851886403764635,0.6474041596595503,0.42167118585377833,0.020905303347579292,0.8680549780615344,0.42406827602250735,0.4470060064320923,-0.7038406028647158,-0.9682970147057206,-0.3775416060729324,0.4096933519223195,0.23622899512949497,-0.45327241841679783,0.3162705753644614,0.9225946867852158
0.12,1,0.621020927149331,0.48855136146903627,0.6438010314249242,0.40585183061119384,-0.0379559734134177,0.838473031830864,0.463156078168768,0.43322054071287663,-0.6624515719864386,-0.9636251695095608,-0.3604957055033543,0.36771797218205815,0.14028552451809762,-0.48922177045722054,0.3774003896333969,0.9085829999610511
0.13,1,0.6097593755177897,0.4907605453232098,0.6400647930513649,0.3676769778619913,-0.09664472913634539,0.8152316374229419,0.4793280392148239,0.44857952653526517,-0.6341362167832774,-0.95267247116506,-0.35452349506225855,0.32442366559040625,0.042139437082381534,-0.5137359213177224,0.4256168829122577,0.8835693335976756
0.14,1,0.6082058908699065,0.4897239903650132,0.6378543623820351,0.3470782135919283,-0.1547287145261314,0.7947329101923258,0.5156046487906553,0.4486354413679323,-0.6029485883577641,-0.936501636248017,-0.3545464502689749,0.28566001786688033,-0.05205836390645985,-0.5366893590608683,0.47466971795605506,0.8590472163627203
0.15,1,0.5947950872321112,0.4845727929333638,0.6381021774584092,0.30346751875928824,-0.20734229150335076,0.7786529245251467,0.5225663751343297,0.4771547693534376,-0.5745190499282783,-0.917046146036017,-0.364228283463833,0.2648530645468334,-0.13821779071431808,-0.5571283145593842,0.5289526688929325,0.8484548273523836
0.16,1,0.5746167923918911,0.47461971531543123,0.6389462929523843,0.2667441699532644,-0.252248281136079,0.7687460256213258,0.5285381535060264,0.5061068540699085,-0.5469846283251528,-0.8950140478959442,-0.37683518620395345,0.2404230040845339,-0.21424057804185928,-0.5743434712096556,0.5725761519647717,0.8323432236268115
0.17,1,0.541322021664161,0.45982905676851743,0.6400699242671101,0.23162866390649145,-0.28828575267675927,0.7617327611378287,0.5262623907316432,0.5392230541899452,-0.5134700671777921,-0.8820308215750424,-0.3908132152934155,0.2124075093328137,-0.2826626201065263,-0.590047472149812,0.6171964539309629,0.8117750307939184
0.18,1,0.517973749265648,0.4433051668992699,0.6414895160136507,0.19164736704666618,-0.3191297602110544,0.764882229356237,0.5162060353407875,0.58639095491184,-0.49231633942341974,-0.8763831920001407,-0.39676495259339545,0.19946019749932878,-0.3441885599675673,-0.5993230741807591,0.66562851407034,0.8044779565911586
0.19,1,0.5184070758525462,0.4245835158345313,0.6441971056846271,0.16853289021181325,-0.34574088046447965,0.7707801619898662,0.5227622515255538,0.6152437793015576,-0.4752538473913078,-0.8771032649282445,-0.4001422361206735,0.1968844707413862,-0.39830919663080216,-0.6071196763608401,0.7181493271282307,0.8075050604827497
0.2,1,0.5170804494878067,0.40220753864293607,0.6502564781300774,0.1446566717160852,-0.3684596474078652,0.783288571937112,0.5258175944158633,0.6523699553051523,-0.47629497407892724,-0.8844878247960585,-0.39724267720704315,0.20703098477903167,-0.4419073143937273,-0.6114136193371711,0.7666435413605279,0.8222535105717995
0.21,1,0.5145206851869316,0.374857718010117,0.6582502139322512,0.10948743256108362,-0.3891403066143963,0.7994971673861238,0.5178178894900044,0.7048202689953474,-0.49193630520041853,-0.8962078526167125,-0.39449633748675333,0.21608610679017748,-0.47190552025953275,-0.6147437414488177,0.7979774200695608,0.8365242280011213
0.22,1,0.5214378519889173,0.3453535020048306,0.6676768114801465,0.08632143925904204,-0.4079825293630421,0.818446640984593,0.5247305134112754,0.7465876668380987,-0.5460672922140348,-0.909956775671195,-0.3918634934652345,0.22160587230068501,-0.4933916131566389,-0.6173599221792148,0.8022698800160797,0.8530195870294246
0.23,1,0.537559057737904,0.31439810944839774,0.6693824228384381,0.07317078058974401,-0.4248767827083692,0.8396473566182112,0.5457583569205878,0.7777298638902529,-0.5953854925982772,-0.9252733505573273,-0.3959369446801609,0.2563088392593863,-0.5068102816094842,-0.6193730011518036,0.8313704297510756,0.8981082389626397
0.24,1,0.5563393004447433,0.28410342041215225,0.667845118125679,0.07663529466014148,-0.43890391763733955,0.8610672944673419,0.5830034766563802,0.7923175560961765,-0.648596875427987,-0.9414875145493994,-0.40133942198393807,0.2875986513382367,-0.5091686322033684,-0.620924862495273,0.8488951823442149,0.941568491121078
0.25,1,0.5781267140388593,0.2573134481229193,0.6560068621042547,0.1213917253541437,-0.4514868963533169,0.8819498716042138,0.656590486374187,0.7645351602706255,-0.6864538859340623,-0.9562596937087025,-0.40843653230827653,0.32098560633161266,-0.5032622571722495,-0.6206585495166916,0.8672829494459161,0.9818285823708489
0.26,1,0.6035278014466641,0.23422214083393134,0.650278950828316,0.17906605099455727,-0.46318912236480697,0.9011716485136503,0.7408632658375457,0.7236174154461126,-0.709252180703734,-0.9688984510886867,-0.4121626480700907,0.33144696360607706,-0.4904998399511573,-0.6174821048850118,0.8619818638479413,0.9943483129305556
0.27,1,0.6496831805735152,0.21603217361666605,0.651494613126793,0.2463824750224502,-0.4743337938972746,0.9185061524373649,0.841121356357249,0.6721261183956797,-0.7123667195175817,-0.9781305074393545,-0.41205808819267264,0.32422989154622556,-0.47042023428694874,-0.6109986924657194,0.8379136073947056,0.9822615631293061
0.28,1,0.7107140941207831,0.20524224721143927,0.6847173098787198,0.30739359358716173,-0.4857000750693126,0.9288171582498642,0.9404782588028968,0.6219671048448047,-0.7069315012618226,-0.9791390030721915,-0.40588090695532797,0.3154735250855226,-0.44299537228131813,-0.6067146520266118,0.8058362068774977,0.9700837563518395
0.29,1,0.7336271117387275,0.1998906430853041,0.7303831913597787,0.37083072065171735,-0.49690281976519823,0.9360037761758695,1.0187424184430045,0.5651823650025992,-0.699672369081004,-0.9741805702346531,-0.39789174511947056,0.27200806375440945,-0.413539603673621,-0.6031304447489115,0.7384648649845338,0.9257099729742733
0.3,1,0.73124034855892,0.19989180186094327,0.8151101833544996,0.4061767850540747,-0.5079567518008071,0.9288417151539254,1.0573416672395293,0.5293512806680641,-0.6628635170180459,-0.9634250640480785,-0.3905412080073207,0.21592420971202123,-0.3830678907348403,-0.5999540123717638,0.6701707095590119,0.8601259868504909
0.31,1,0.7235983201540794,0.20664359996350576,0.8983321936877369,0.41779096532028437,-0.5191070015458514,0.9178893279450276,1.0700560653747135,0.5297455038601323,-0.6161457452922421,-0.9456812608433908,-0.385325727023367,0.14459125816176316,-0.3538592516325749,-0.5980039647439173,0.5975337368917314,0.7776410135248661
0.32,1,0.7194919598751945,0.21791987198989876,0.9788983540301197,0.41195203036466194,-0.5301509271782076,0.9002481298179743,1.0673015234490377,0.5529238266432182,-0.5878002402595175,-0.9230821624794533,-0.38387799214799473,0.07776758378542188,-0.32782008023005815,-0.5982181254971921,0.5262274418623842,0.7060743320849273
0.33,1,0.7076875694654657,0.23214568665885388,1.022132987853459,0.39704158523170524,-0.5403898196113304,0.8801015140027696,1.0511506652660432,0.5763877305508037,-0.5827380486857514,-0.8975852804798391,-0.38512971460162554,0.044524813600967626,-0.306384642570381,-0.5965049804959951,0.47145119132193486,0.6707967282414978
0.34,1,0.690318720862483,0.24892164343264958,1.046099737021809,0.36370529671920143,-0.5492671265020098,0.8586617793807778,1.0140759466262914,0.6095588988671086,-0.5790834545632761,-0.8698249297058903,-0.3877747053540966,0.026390438011711214,-0.2912250990430584,-0.5937970970408769,0.4305928874780598,0.6490235867505787
0.35000000000000003,1,0.657985270574628,0.26765423723034065,1.007979459627874,0.2821531307678776,-0.5543473598148515,0.8392953737704671,0.9230879624048651,0.6579539583504272,-0.5795495211821869,-0.8423324312802544,-0.38180368856289176,0.024373889213491266,-0.28562816800418156,-0.5888341479974626,0.4063940616185211,0.6443038966345065
0.36,1,0.6199747659528573,0.2869887050663695,0.959227597785677,0.21500883405562796,-0.5571366596700406,0.8171727709785355,0.8408854739056658,0.6911540283012773,-0.5798058625522141,-0.8157419703261547,-0.37319115481841075,0.03262054173110784,-0.2849731373026831,-0.5814304046100417,0.395640735912943,0.6478797744600354
0.37,1,0.6002799587750514,0.3064340438673435,0.8875152662274548,0.15592697556083168,-0.5579894160623325,0.7867424948683243,0.7720246342806601,0.6931322682190306,-0.5848014964637029,-0.7904244792414815,-0.3579910864936468,0.054964680878549374,-0.28850993412756465,-0.5672000010362681,0.40031940022940293,0.6622173763145686
0.38,1,0.579168879010913,0.324723079362093,0.8145780351070141,0.11702685955385471,-0.5572776070464107,0.7474575798208729,0.7207143530109525,0.6729490053713356,-0.6077446491965799,-0.767734072322844,-0.34163475679015387,0.11831726303927792,-0.2955973835317792,-0.549584091707002,0.44375888741333164,0.718962234410456
0.39,1,0.5673339071958825,0.3419533891061895,0.740651462032474,0.09216558161241563,-0.5548321552457338,0.701020841016419,0.6851295128907713,0.6330432068338236,-0.6349874413408246,-0.7483488206347554,-0.32434452366538025,0.19234981312694258,-0.3043251167375374,-0.5292337354213772,0.5094475324028065,0.7856092157284678
0.4,1,0.5732600906149368,0.3578335181743289,0.6790651744746458,0.06675278204245028,-0.5503706659545079,0.644245231928666,0.6536436018054202,0.5871049696997492,-0.6593405076848096,-0.7322594577969549,-0.314338193688591,0.24106048042170425,-0.31509920672144465,-0.5113957522981617,0.5609195761324638,0.8277783391836963
0.41000000000000003,1,0.5777616523854145,0.37205379328283816,0.6231498012552456,0.05021168600241994,-0.5435818393361813,0.5854576616711124,0.6284158448277777,0.537166955915347,-0.6696922930438942,-0.719870409969186,-0.3079169772482824,0.2742490140160547,-0.3283083381768211,-0.49546419941897873,0.6046430402310586,0.8504938624443448
0.42,1,0.580055697042003,0.381815862840862,0.5872993673101473,0.04848091914149177,-0.5336172338175171,0.5255120407265649,0.6149286881764304,0.47708611562239617,-0.6693103704112243,-0.7145858422449707,-0.3146982207255917,0.28670587970557265,-0.3458730370707973,-0.48791416048614616,0.6341970942063153,0.8519307385998498
0.43,1,0.589007108241273,0.38870255019529637,0.5595371167682542,0.05464515993862766,-0.522041525696165,0.4646132362659661,0.6104829640231053,0.41102591646386266,-0.6664893447533975,-0.713806638722321,-0.3307720377620563,0.2827077496284822,-0.36475530808768847,-0.48474405338703663,0.6491897545523303,0.8376684189852743
0.44,1,0.6256654346008064,0.3923843252261394,0.5417888075827108,0.08242335264193829,-0.5083720092156608,0.40253429983311345,0.6351844106899405,0.33091737197004945,-0.663095272516235,-0.7174680930671525,-0.3583509458717614,0.27861685621106275,-0.38459850925235267,-0.4869967190344415,0.6654404741232938,0.8240347390870102
0.45,1,0.6578753622103393,0.3913270113705521,0.5124093587399924,0.160639080882501,-0.4911529372883513,0.3363859619851238,0.7041880844537508,0.2281388269956134,-0.6477185238449209,-0.7268119904117764,-0.39783184424006474,0.25976792406916854,-0.40509035682583344,-0.49347496552792086,0.6695463465124872,0.7936108639456197
0.46,1,0.6776684728884629,0.38165964192626745,0.47793556759804323,0.23189780629998172,-0.47156519913693795,0.2682490761936952,0.7632047091219689,0.20301391153967094,-0.6236432959312967,-0.7426761200517737,-0.441941972648133,0.21096690409024915,-0.42331678154576546,-0.5011766547543868,0.6453561862120042,0.7349583792887568
0.47000000000000003,1,0.7068566473902882,0.3668145148190014,0.4185650092216022,0.29839454241910784,-0.45205229344820536,0.18676238687738506,0.8238926540435293,0.30915013632356036,-0.6051566690088834,-0.7623893019087483,-0.4983944235274366,0.1443688214595223,-0.43907283470833264,-0.5038084675176103,0.6042567889569079,0.6569109338456668
0.48,1,0.7266340786088507,0.34726096455265737,0.3630050867034894,0.34951655588029334,-0.4332449414487418,0.10471706770408874,0.8698502867559949,0.43835240750501303,-0.5952579027831961,-0.7854769316180943,-0.5553394474951638,0.09192098536019243,-0.4520641787203811,-0.5015106039102251,0.5762839037060296,0.5947726744030833
0.49,1,0.7312869940665814,0.32249765101322975,0.3148282711608899,0.390505865214527,-0.4165818000883342,0.021589403182885932,0.9047094707573332,0.5563606958099959,-0.5921592482903374,-0.8112919002934051,-0.61323883182171,0.05824119506692169,-0.46052260336362133,-0.489661492334784,0.5631474032045097,0.54830803724172
0.5,1,0.7221416467271005,0.2972792624357792,0.3020120202638426,0.3938004874497508,-0.4016514493311862,-0.057591135235532075,0.9018047623040423,0.616654927866963,-0.5902461431965791,-0.836450349584289,-0.6910532760165008,0.024886077170080376,-0.46527141684212286,-0.4814276056866803,0.548516982580599,0.5162515118383187
0.51,1,0.714057744629363,0.27242310903205336,0.3092334226659433,0.3864759008833795,-0.3886211597779368,-0.1345349688623711,0.8920855367087737,0.6597992558698184,-0.5824948332792678,-0.8599239669873041,-0.7801529208032969,0.002421572418030475,-0.46684374382395183,-0.47524234649740094,0.5451393044513294,0.5169444254436879
0.52,1,0.7016985562615631,0.2488452924248155,0.33129280579048564,0.37515781113106056,-0.37817640053937746,-0.20016271554960044,0.8789701434296362,0.6842471252421565,-0.5814427802463364,-0.880224940393225,-0.8530472422641632,0.0024725725587647703,-0.4649063944780804,-0.45897901652246353,0.5547196391425756,0.5354498602610556
0.53,1,0.6784018955746135,0.22990399135223913,0.35446509182667946,0.3503989785325681,-0.37335799667379443,-0.2637488872356718,0.8514543612265577,0.6943433256322923,-0.5832222497673211,-0.8942604426829777,-0.9093750258020563,0.01104073837944191,-0.45829060634228735,-0.44172233952329254,0.5630423328583242,0.5580054103923382
0.54,1,0.6485241859215498,0.2156610002213754,0.3779686511976504,0.3025307327274446,-0.3735096024873704,-0.3231786179871153,0.8027459575556037,0.6816982389161433,-0.5887312973951282,-0.903004066719871,-0.9151011127474055,0.01878456974864369,-0.4480735619163127,-0.4234635343391308,0.5627822746326832,0.5496368273162839
0.55,1,0.6213513884546047,0.2063692259197986,0.4116689165987875,0.2600039895649818,-0.3785296310794257,-0.37221885721245873,0.7615348842405844,0.6660874319418859,-0.5938109049365448,-0.9064014721306444,-0.8866671379766432,0.06314646972235807,-0.4342256698647525,-0.4086444236031519,0.5874452382445441,0.5552939944347671
0.56,1,0.600639929005972,0.20404996338051282,0.4543422833064708,0.23062245174631554,-0.3890008121626175,-0.4121163438948337,0.7356742417755037,0.6591783981286491,-0.6142198995402708,-0.9028486043117379,-0.8281723088957028,0.1292436979000218,-0.41548465217273395,-0.3968522439815742,0.6164701976503336,0.5679371211087351
0.5700000000000001,1,0.5886014619051283,0.20688044298099528,0.5070880039578078,0.20354451783670074,-0.4021622969270209,-0.43197844004230146,0.7159550836048948,0.6407291735341896,-0.6374082944089664,-0.8938695115201967,-0.7462938505570766,0.18947940308459887,-0.3940197642282332,-0.3884324448823384,0.6373724453856959,0.5880800696828993
0.58,1,0.5836171097448368,0.2134250884018917,0.5629024482523828,0.18238244772021028,-0.4165758953451462,-0.4464747664734732,0.7041258618979798,0.6291982938980264,-0.6496460458679635,-0.8809286648553885,-0.6615481485207765,0.23726212553241027,-0.3712436638775865,-0.38153750568981326,0.6509769163274269,0.6189140842219685
0.59,1,0.5829080623627695,0.22350392285852788,0.6255679908889225,0.16587916321600088,-0.431618182415553,-0.45238879512299185,0.6972620838175104,0.6197379589879282,-0.653304740745373,-0.8641786427319941,-0.589986667526954,0.26586864326940496,-0.34775411121368366,-0.3803353450421702,0.6488456575784998,0.6492986777330441
0.6,1,0.5860819923114846,0.23674688297085625,0.6909659279635464,0.16201042483906705,-0.44552125842421736,-0.4562223783117025,0.700806510234279,0.6270665346273264,-0.6526080405093354,-0.8431019590991671,-0.5347664711940346,0.27792750134343713,-0.32576297015628286,-0.3833740413019991,0.6330324781551604,0.6717189633797208
0.61,1,0.5948107796003685,0.2516785811084075,0.7600525975295837,0.16561850193173536,-0.4579972601322926,-0.4572473601283248,0.7117839028361239,0.6444119338686813,-0.6477842813390436,-0.8198127471471203,-0.5016070091533381,0.2831594014125664,-0.3061128285086936,-0.39213789438691626,0.6138693297475082,0.6909372132240005
0.62,1,0.6016572773739385,0.2680518955550681,0.7951561444537967,0.1712667276539122,-0.4690528453452094,-0.4494566227454955,0.7220122619071588,0.6501840426312034,-0.6383342274549313,-0.7949552529603084,-0.4978650195993977,0.2809377372765416,-0.289228120221646,-0.4082495410294963,0.5912860988447128,0.7033567394533482
0.63,1,0.6068888747833097,0.28566785526020827,0.8156671155554783,0.1979658991035133,-0.4783505047700384,-0.4383453363878523,0.7487234613206091,0.6696867493332012,-0.6344257621610272,-0.7697820561630966,-0.5061220309113998,0.2721905398367215,-0.27699944791406483,-0.4273163564990643,0.5656244062729998,0.71117631110288
0.64,1,0.6237039241851184,0.3036853847079005,0.762622755873969,0.26077393511870495,-0.48514241790140045,-0.4295417407556319,0.8116668474885161,0.7041549361863748,-0.6212939522177376,-0.7455498017899498,-0.5489316542014611,0.25057866899822356,-0.2697339518456376,-0.45308621602534727,0.5349436788693925,0.7073758354576665
0.65,1,0.6419566605559613,0.3213481972572565,0.694565012827767,0.33133071907050055,-0.48992952288570396,-0.42020584803766875,0.8816224655467444,0.7533756370028741,-0.5987282649629131,-0.7225360021509383,-0.6010589958339136,0.20076701772532154,-0.26617201344929553,-0.4788153788530666,0.4830739225231571,0.6795863933640951
0.66,1,0.6518670524619599,0.33831545319206685,0.5944787186035525,0.37812023776492504,-0.49265847544413677,-0.4097343882034552,0.9255107631911891,0.7899419804788327,-0.5854195401487331,-0.7010218245868525,-0.6730641365968018,0.13685805277560656,-0.26623969794702795,-0.5044577220571833,0.4193467357747751,0.6472769873368946
0.67,1,0.6313261248975369,0.3530689563843808,0.5081656240626317,0.40486714143560226,-0.4919507620043909,-0.3905151243693875,0.9389938251977293,0.8048611418890741,-0.578506675361925,-0.6834192153088922,-0.7503320395895753,0.08478078299079785,-0.27057225263385926,-0.522383797376219,0.3705164246909748,0.6310093370499522
0.68,1,0.587028763005703,0.36743144715466936,0.430401412083754,0.41916931754450676,-0.4881601849472341,-0.36586618908713353,0.9335254721864256,0.8005078848638679,-0.5806591362262797,-0.6687933123495756,-0.8308664846560719,0.06660782972180886,-0.2774313897789421,-0.5355204650424465,0.3551487259664858,0.6520446308068011
0.6900000000000001,1,0.5457000609700359,0.38128555949629306,0.40251106423409966,0.41824975405291287,-0.4811675143306544,-0.3538305212402573,0.9143213608799793,0.7852458470332851,-0.5858844337326696,-0.6569168913381562,-0.8891773482825763,0.051838284615598265,-0.28674598248339417,-0.5306051476490627,0.3459550779515125,0.6566787219062422
0.7000000000000001,1,0.5275231996682372,0.3942775576153489,0.386728969062555,0.40819589808774853,-0.4697960274305447,-0.34850887109399686,0.8880451691222733,0.7696915765904189,-0.5879533926367307,-0.648241457630124,-0.9371993635031878,0.05684998879527275,-0.29914273682805265,-0.5215731498998412,0.3610615895901582,0.6756819337116844
0.71,1,0.5235586345187337,0.405297282304523,0.398581520681119,0.3744842621063942,-0.4560626289050435,-0.3636877757878397,0.8389242430614928,0.7486769907724601,-0.6024457207145357,-0.6429190801975436,-0.9548016862571548,0.06863725596980844,-0.31396281780130486,-0.5035226762033744,0.3847348558130678,0.671953654977702
0.72,1,0.4973912286014791,0.41564481187782004,0.4140975033662408,0.31109625199836066,-0.44050770092423547,-0.38335699730602646,0.7560363606970437,0.6994305970809288,-0.6107595222580209,-0.6401242317554596,-0.9577251765219326,0.13141496846509007,-0.3300413718416229,-0.48472244405503645,0.46238970595498113,0.7071141890428878
0.73,1,0.48760657895349474,0.4255773414244331,0.43312427415681404,0.24249285799505638,-0.42310372016904724,-0.4073294391142087,0.6684806887055156,0.6521022460905348,-0.617470876567148,-0.6399272461171865,-0.9465814523179022,0.196287634119849,-0.34703713633388933,-0.4652036933903214,0.5437886489455028,0.7388400012466572
0.74,1,0.4932529464646568,0.4352980517430951,0.4409445221292146,0.19129223592028735,-0.40307076931767294,-0.4272944537460273,0.5971818415002978,0.6207943813282996,-0.6189797943600098,-0.6438818622855669,-0.9327931242697113,0.25627440078283925,-0.363455668027877,-0.44667829327294284,0.6202301759630082,0.7698190021747301
0.75,1,0.5000381173439964,0.44506362573588126,0.44504204804376557,0.13767282028069489,-0.3810907529109283,-0.4455561182727022,0.5216683233608412,0.5858161506860305,-0.619045477265808,-0.6500435606877006,-0.9192759674124589,0.2950124284642045,-0.37709879935425755,-0.4290317636994046,0.6728256711329251,0.7838229005454941
0.76,1,0.5229383980117718,0.4547708242421692,0.44016379091063623,0.0882169765797437,-0.35754780460335345,-0.45748231282492735,0.45094684637643123,0.551941437144839,-0.6024351478516277,-0.6579316834178232,-0.9132980183122198,0.29839497966911577,-0.3876675386286069,-0.41679150192100045,0.6883034537708372,0.7798252545796709
0.77,1,0.5494167666495017,0.46430048751411107,0.43452992672455554,0.07174941400555944,-0.3323998038947175,-0.4678973269055053,0.41301497709315493,0.5517405105335967,-0.5897964780051905,-0.667536415568708,-0.9104653016122157,0.29871487755791104,-0.39402442360685896,-0.4069865651660032,0.6970876826272528,0.7751406457515484
0.78,1,0.5739727906022041,0.4735280071910591,0.42778253635517727,0.07189296695092635,-0.3051771898382792,-0.4760853381857609,0.39021924306157413,0.5671435561983286,-0.5786753960321759,-0.6782990322149587,-0.912267664238873,0.2872484202159515,-0.393163527517026,-0.40077052844550126,0.6876665525558616,0.7646266246505543
0.79,1,0.5879746333504574,0.48337394505767023,0.4227100917408766,0.0881739227884187,-0.2756261537958148,-0.4825488594599676,0.3785390332766476,0.5941690524512059,-0.5466556327445667,-0.6899585405787402,-0.9143218632149744,0.24069694428115185,-0.3868984386276861,-0.3984431883403468,0.6437481557583062,0.7373456219140017
0.8,1,0.6061788841260913,0.49422748566444435,0.4183482301741845,0.1302337798542038,-0.24369123188018232,-0.4882807789134283,0.3903242626561655,0.6464059204335304,-0.5266447439072957,-0.7026236935865436,-0.9164829018544763,0.17987560308738798,-0.3751448152111071,-0.39776559831443187,0.5822510244374395,0.6968810134797682
0.81,1,0.6382321575434451,0.5077451968295621,0.4173295655778551,0.22720876295084466,-0.2088465917314938,-0.49127377676568545,0.45516054229632696,0.7516748732095754,-0.531160727554678,-0.7171323829495158,-0.9141929706961106,0.12483770657688005,-0.35570135431498356,-0.4022888467848792,0.5152700705970904,0.6515950449051966
0.8200000000000001,1,0.6596769352011449,0.5236130100748091,0.4175146139991373,0.31327574005956366,-0.17184814411191043,-0.4934807100668494,0.5038437999166041,0.8423173746459917,-0.5381814511404445,-0.7331945260770957,-0.9107666800065136,0.08933390412209335,-0.3295462093252646,-0.40818081120944283,0.46205048299717144,0.6215630657790089
0.8300000000000001,1,0.6534572722869891,0.5401445315450076,0.42053698596193284,0.39346226476983853,-0.13181466464335223,-0.4938347769261488,0.5373598699086206,0.9173591989968798,-0.5514217118660716,-0.7501687904309868,-0.9046618275647292,0.07694927867793412,-0.2985393967493309,-0.41729903466870777,0.4248436731460297,0.6075030654941598
0.84,1,0.629637741387896,0.556464348391585,0.425157755345803,0.45052698048475087,-0.08768170759149782,-0.49196877365849795,0.5431601397040741,0.9644222681324949,-0.5786933819914045,-0.7678406683240937,-0.8972348226581324,0.078797246215542,-0.262907037268371,-0.4273250563901173,0.39056179188225093,0.5980204299326981
0.85,1,0.5975065358666468,0.5723224646101153,0.4308631515511168,0.5426555308749004,-0.03927486536434928,-0.4885962942332732,0.5824750840269687,1.044629285596126,-0.603391047237741,-0.7864608170338402,-0.8889106428646982,0.09677030226254119,-0.22308584794105632,-0.4379670840751247,0.3685410390122965,0.6061893366219991
0.86,1,0.7340257593177614,0.5882039383354601,0.43610989127767075,0.5837214512661784,0.009304049689108534,-0.47919901920412933,0.5926376251210742,1.1038812395248416,-0.6385384235717841,-0.805336031117619,-0.8793184500358715,0.15900067180658894,-0.18138577786150917,-0.4455889526808115,0.3790572212749244,0.6507715691253442
0.87,1,0.7804116038105697,0.6039489405568917,0.4408782347207123,0.6501758290179014,0.057981331900226564,-0.4672798731145984,0.6179266897772232,1.1678998908099734,-0.6819499515602827,-0.8239774631694559,-0.8692455221259331,0.21163930312965748,-0.13788080952820134,-0.45137488614398635,0.37727459920627593,0.6889611352839141
0.88,1,0.7923797017109632,0.6190204057675627,0.4438572243607863,0.699703398518493,0.10691828898718801,-0.44774116340698816,0.6176144683959668,1.1992067961409592,-0.7243951913341595,-0.8409757588704162,-0.8577801849230594,0.27620397876130093,-0.0921042011930846,-0.45092716282837936,0.3863184491431748,0.7392639945136126
0.89,1,0.7999103884802281,0.6328022069679365,0.4465599683161159,0.7456638565652429,0.15660191698118345,-0.42322135133461525,0.6123063881708888,1.2211261804896534,-0.7745213993199932,-0.8526042138957539,-0.8438781644906825,0.34433954865028926,-0.03799266866784118,-0.4451431490914421,0.3902241027044213,0.7925233693138038
0.9,1,0.795432385410601,0.6451033298478474,0.4489744559047558,0.7775404883849473,0.2070709294688815,-0.39350386722944747,0.5899443555084497,1.2212198736238329,-0.8059497973068004,-0.8614191177511097,-0.8274335180796941,0.39132407953370535,0.018126434662466908,-0.4337908323061615,0.3772973994715475,0.8253945529253018
0.91,1,0.7870609137135703,0.6556990691091239,0.4524354795482541,0.8131165855196081,0.2584572646844589,-0.3523417822621612,0.5700025407024004,1.2125458293288842,-0.8057092397665585,-0.8679926237930349,-0.8017973825105011,0.4318647045771298,0.07420842096923265,-0.4097861114495816,0.3630388920350024,0.8416599068184375
0.92,1,0.776305555915708,0.6639060071610674,0.4567441889906593,0.8541304071845848,0.3122973697054539,-0.3056770314399714,0.5533685020527535,1.2030265009216792,-0.8307710203991063,-0.8704689601858302,-0.772598268564643,0.4856164933767659,0.12920237639043047,-0.37967488228236096,0.3586181105444335,0.8672446216875941
0.93,1,0.7713527487392817,0.6709286147513975,0.4671249092605724,0.8786857314496503,0.3662280925611717,-0.2331098278850877,0.5222047858286736,1.1526681847220066,-0.8530603525694836,-0.8706534558192637,-0.7318021393536105,0.5602997296930387,0.18287378966625584,-0.3206790519558872,0.37783575464354624,0.8892846383402403
0.9400000000000001,1,0.7600822049188909,0.6769516651022268,0.4824891312389205,0.9202431498512439,0.41964800957262366,-0.1456506565782223,0.5074506686573399,1.1014479203029937,-0.8884463766193427,-0.8689570486358429,-0.6948460349531802,0.6461102127286975,0.23521449248213644,-0.24119197395955985,0.4113576628946988,0.9081774401486847
0.9500000000000001,1,0.740589669682206,0.681984256256427,0.5058823281919697,0.9439990982966322,0.47138185272283667,-0.03419887055982793,0.4762369738864968,1.005961630691906,-0.9112188608581051,-0.8655040977677293,-0.6640766371920528,0.7211166902111403,0.2858056353820739,-0.12869121916179946,0.4377048709128146,0.8850156843533383
0.96,1,0.7221118777788615,0.6854693364676264,0.5328408948060023,0.9352655846298873,0.5192579420481299,0.08732059754443433,0.41761828805761936,0.8688119509530594,-0.9181723692929957,-0.8606869407939957,-0.6523683925549993,0.7897411981280191,0.3322255310292961,0.008038328589620466,0.4611129581030045,0.8256579983832895
0.97,1,0.7055540563970845,0.6880035863576459,0.561470728448621,0.9374467557798325,0.56447737039025,0.2135592916264488,0.37338208505027143,0.7380874380120019,-0.9186708369410543,-0.8549820899917129,-0.6495950634448548,0.8417339103140262,0.37589768329435974,0.15612512303806914,0.47016980644432654,0.7365196406563689
0.98,1,0.6949643935374626,0.6895978450701268,0.5827351229406535,0.938063804042,0.6069802375056267,0.3256274310967613,0.3311270569930784,0.6226344995942734,-0.9160210734170525,-0.8484453602824524,-0.6596226922131836,0.8844441493137007,0.4168920085369522,0.28871382783856564,0.47241028920904155,0.6485636019765774
0.99,1,0.6873415804955086,0.6894732268552803,0.6005059937151024,0.9500066991994666,0.6446126080963487,0.4319536632493716,0.3054015304429606,0.5252802748900894,-0.8976093082310744,-0.8409662603854348,-0.6674240181493176,0.921373417312356,0.4539400581526971,0.41326684959319815,0.47085282214777696,0.5578149800152069
1.0,1,0.6835633020047491,0.6883466868947836,0.6095587270929264,0.9476959888397334,0.6780196557933159,0.52406828304731,0.2697187523632135,0.4300431492569456,-0.8538656483618727,-0.8332653214468725,-0.668674892250298,0.9173811776825426,0.48817000468267874,0.5176846318232384,0.4297052530478583,0.4405144094363266
