method,video_index,fbx_index,video_time_s,fbx_time_s,video_phase,fbx_phase
suit,0,0,1.083,1.675,0.0,0.0
suit,1,1,1.10842,1.70042,0.01,0.01
suit,2,1,1.13384,1.70042,0.02,0.01
suit,3,2,1.15926,1.72584,0.03,0.02
suit,4,3,1.18468,1.75126,0.04,0.03
suit,5,4,1.2101,1.77668,0.05,0.04
suit,6,5,1.23552,1.8021,0.06,0.05
suit,7,6,1.26094,1.82752,0.07,0.06
suit,8,7,1.28636,1.85294,0.08,0.07
suit,9,8,1.31178,1.87836,0.09,0.08
suit,9,9,1.31178,1.90378,0.09,0.09
suit,10,10,1.3372,1.9292,0.1,0.1
suit,11,11,1.36262,1.95462,0.11,0.11
suit,12,12,1.38804,1.98004,0.12,0.12
suit,13,13,1.41346,2.0054600000000002,0.13,0.13
suit,14,14,1.43888,2.0308800000000002,0.14,0.14
suit,15,15,1.4643,2.0563000000000002,0.15,0.15
suit,16,16,1.48972,2.08172,0.16,0.16
suit,17,17,1.51514,2.1071400000000002,0.17,0.17
suit,18,18,1.54056,2.13256,0.18,0.18
suit,19,19,1.56598,2.1579800000000002,0.19,0.19
suit,20,20,1.5914,2.1834,0.2,0.2
suit,21,21,1.61682,2.2088200000000002,0.21,0.21
suit,22,22,1.64224,2.23424,0.22,0.22
suit,23,23,1.66766,2.2596600000000002,0.23,0.23
suit,24,24,1.69308,2.28508,0.24,0.24
suit,25,25,1.7185,2.3105,0.25,0.25
suit,26,26,1.74392,2.3359199999999998,0.26,0.26
suit,27,27,1.76934,2.36134,0.27,0.27
suit,28,28,1.7947600000000001,2.38676,0.28,0.28
suit,29,29,1.82018,2.41218,0.29,0.29
suit,30,30,1.8456,2.4375999999999998,0.3,0.3
suit,31,31,1.87102,2.46302,0.31,0.31
suit,32,32,1.89644,2.4884399999999998,0.32,0.32
suit,33,33,1.92186,2.51386,0.33,0.33
suit,34,34,1.9472800000000001,2.53928,0.34,0.34
suit,35,35,1.9727000000000001,2.5647,0.35000000000000003,0.35000000000000003
suit,36,36,1.99812,2.5901199999999998,0.36,0.36
suit,37,37,2.0235399999999997,2.61554,0.37,0.37
suit,38,38,2.04896,2.6409599999999998,0.38,0.38
suit,39,39,2.0743799999999997,2.66638,0.39,0.39
suit,40,40,2.0998,2.6917999999999997,0.4,0.4
suit,41,41,2.1252199999999997,2.71722,0.41000000000000003,0.41000000000000003
suit,42,42,2.15064,2.7426399999999997,0.42,0.42
suit,43,43,2.1760599999999997,2.76806,0.43,0.43
suit,44,44,2.20148,2.7934799999999997,0.44,0.44
suit,45,45,2.2268999999999997,2.8189,0.45,0.45
suit,46,46,2.25232,2.8443199999999997,0.46,0.46
suit,47,47,2.2777399999999997,2.86974,0.47000000000000003,0.47000000000000003
suit,48,48,2.30316,2.8951599999999997,0.48,0.48
suit,49,49,2.3285799999999997,2.92058,0.49,0.49
suit,50,50,2.354,2.9459999999999997,0.5,0.5
suit,51,51,2.3794199999999996,2.97142,0.51,0.51
suit,52,52,2.40484,2.9968399999999997,0.52,0.52
suit,53,53,2.4302599999999996,3.02226,0.53,0.53
suit,54,54,2.45568,3.0476799999999997,0.54,0.54
suit,55,55,2.4811,3.0731,0.55,0.55
suit,56,56,2.50652,3.09852,0.56,0.56
suit,57,57,2.53194,3.12394,0.5700000000000001,0.5700000000000001
suit,58,58,2.55736,3.1493599999999997,0.58,0.58
suit,59,59,2.5827799999999996,3.17478,0.59,0.59
suit,60,60,2.6082,3.2001999999999997,0.6,0.6
suit,61,61,2.6336199999999996,3.22562,0.61,0.61
suit,62,62,2.65904,3.2510399999999997,0.62,0.62
suit,63,63,2.6844599999999996,3.27646,0.63,0.63
suit,64,64,2.70988,3.3018799999999997,0.64,0.64
suit,65,65,2.7352999999999996,3.3273,0.65,0.65
suit,66,66,2.76072,3.3527199999999997,0.66,0.66
suit,67,67,2.7861399999999996,3.37814,0.67,0.67
suit,68,68,2.81156,3.40356,0.68,0.68
suit,69,69,2.83698,3.42898,0.6900000000000001,0.6900000000000001
suit,70,70,2.8624,3.4544,0.7000000000000001,0.7000000000000001
suit,71,71,2.8878199999999996,3.47982,0.71,0.71
suit,72,72,2.91324,3.5052399999999997,0.72,0.72
suit,73,73,2.9386599999999996,3.53066,0.73,0.73
suit,74,74,2.96408,3.5560799999999997,0.74,0.74
suit,75,75,2.9894999999999996,3.5815,0.75,0.75
suit,76,76,3.01492,3.6069199999999997,0.76,0.76
suit,77,77,3.0403399999999996,3.63234,0.77,0.77
suit,78,78,3.06576,3.6577599999999997,0.78,0.78
suit,79,79,3.0911799999999996,3.68318,0.79,0.79
suit,80,80,3.1166,3.7085999999999997,0.8,0.8
suit,81,81,3.1420199999999996,3.73402,0.81,0.81
suit,82,82,3.16744,3.7594399999999997,0.8200000000000001,0.8200000000000001
suit,83,83,3.1928599999999996,3.78486,0.8300000000000001,0.8300000000000001
suit,84,84,3.21828,3.8102799999999997,0.84,0.84
suit,85,85,3.2436999999999996,3.8357,0.85,0.85
suit,86,86,3.26912,3.8611199999999997,0.86,0.86
suit,87,87,3.2945399999999996,3.88654,0.87,0.87
suit,88,88,3.31996,3.9119599999999997,0.88,0.88
suit,89,89,3.3453799999999996,3.93738,0.89,0.89
suit,90,90,3.3708,3.9627999999999997,0.9,0.9
suit,91,91,3.3962199999999996,3.98822,0.91,0.91
suit,92,92,3.42164,4.01364,0.92,0.92
suit,93,93,3.4470599999999996,4.03906,0.93,0.93
suit,94,94,3.47248,4.06448,0.9400000000000001,0.9400000000000001
suit,95,95,3.4978999999999996,4.0899,0.9500000000000001,0.9500000000000001
suit,96,96,3.52332,4.11532,0.96,0.96
suit,97,97,3.5487399999999996,4.14074,0.97,0.97
suit,98,98,3.57416,4.16616,0.98,0.98
suit,99,99,3.5995799999999996,4.19158,0.99,0.99
suit,100,100,3.625,4.217,1.0,1.0
