phase,video_time_s,valid,suit_time_s,reference_left_wrist_x,reference_left_wrist_y,suit_left_wrist_x,suit_left_wrist_y,frontal_assumption_suit_left_wrist_x,frontal_assumption_suit_left_wrist_y,suit_left_wrist_error,reference_right_wrist_x,reference_right_wrist_y,suit_right_wrist_x,suit_right_wrist_y,frontal_assumption_suit_right_wrist_x,frontal_assumption_suit_right_wrist_y,suit_right_wrist_error,reference_left_elbow_x,reference_left_elbow_y,suit_left_elbow_x,suit_left_elbow_y,frontal_assumption_suit_left_elbow_x,frontal_assumption_suit_left_elbow_y,suit_left_elbow_error,reference_right_elbow_x,reference_right_elbow_y,suit_right_elbow_x,suit_right_elbow_y,frontal_assumption_suit_right_elbow_x,frontal_assumption_suit_right_elbow_y,suit_right_elbow_error,reference_left_elbow_angle,suit_left_elbow_angle,reference_right_elbow_angle,suit_right_elbow_angle
0.0,1.083,1,1.675,0.6142495990019896,1.5092271851530494,0.6731184192836405,1.3393875607037828,0.6731184192836405,1.3393875607037828,0.17975270800302626,-0.7189988484444579,1.3858897085202524,-0.6913038179535292,1.164556557052367,-0.6913038179535292,1.164556557052367,0.22305913711973188,0.5952804627365607,0.8141492570316831,0.6311624214843203,0.6393848042449028,0.6311624214843203,0.6393848042449028,0.17841000230210935,-0.8139207115866227,0.709552371219254,-0.811122458460226,0.5591841449122265,-0.811122458460226,0.5591841449122265,0.15039426087215174,174.84809597958665,171.45328644174057,148.2841366978519,139.6428950561775
0.01,1.10842,1,1.70042,0.6108924760486857,1.5254002380449438,0.6711027463877961,1.34017617979699,0.6711027463877961,1.34017617979699,0.19476454607589688,-0.6983849758408286,1.3673395395507766,-0.6647243280743582,1.1321410355086576,-0.6647243280743582,1.1321410355086576,0.2375949820844477,0.6033139635134974,0.8307620677670239,0.6304846739907427,0.640150974373192,0.6304846739907427,0.640150974373192,0.19253788311039047,-0.8336252353200617,0.6917325520201972,-0.826328697794172,0.5475961302577266,-0.826328697794172,0.5475961302577266,0.14432098786509032,173.2708250097118,171.4089242282219,142.86548961884984,133.7289657029574
0.02,1.13384,1,1.72584,0.6117100635497563,1.533957576655227,0.6691693348864627,1.3410156037070504,0.6691693348864627,1.3410156037070504,0.20131610166025002,-0.675689930461829,1.3371138270949514,-0.6316938959399074,1.0952421101193839,-0.6316938959399074,1.0952421101193839,0.2458405550887875,0.6096924649991871,0.839677776133066,0.6296745302792656,0.6410046914745909,0.6296745302792656,0.6410046914745909,0.1996754303878445,-0.8514947190237252,0.6759785802786256,-0.8384171467948843,0.5359849610084692,-0.8384171467948843,0.5359849610084692,0.14060311636574083,172.51876197232463,171.39626769774043,137.63900512175746,127.4712296135245
0.03,1.15926,1,1.75126,0.620368799446328,1.5280451014117205,0.6676848829929275,1.3418205839012038,0.6676848829929275,1.3418205839012038,0.19214156938105167,-0.6495327606051478,1.2848004856315838,-0.5950760978967202,1.0547918522273276,-0.5950760978967202,1.0547918522273276,0.23636729797887215,0.6125494638872209,0.8338153560445243,0.6289319385215056,0.6418376342622832,0.6289319385215056,0.6418376342622832,0.19267545545772696,-0.8659380553599925,0.6643260800857707,-0.8486058117525892,0.5243607251787792,-0.8486058117525892,0.5243607251787792,0.1410344186456145,173.33881738204244,171.40913442977126,132.51066806390926,120.91472853463438
0.04,1.18468,1,1.77668,0.6269466684553632,1.5117999527614048,0.6663697489825696,1.3425840318548623,0.6663697489825696,1.3425840318548623,0.1737475385912095,-0.613081139991351,1.2345061642921176,-0.5554824206742198,1.0110228621135322,-0.5554824206742198,1.0110228621135322,0.2307864788492137,0.6133272896141416,0.8258674699717838,0.6282306862843763,0.6426324682192968,0.6282306862843763,0.6426324682192968,0.18384008567106444,-0.8865106601902724,0.6547063725112583,-0.8567245584915152,0.5129828522476038,-0.8567245584915152,0.5129828522476038,0.1448197778286212,173.57711822313192,171.4284761179223,124.75398673412353,114.14740555031926
0.05,1.2101,1,1.8021,0.6316489014691011,1.492486503461511,0.6650442041746792,1.3433071368730893,0.6650442041746792,1.3433071368730893,0.15287161168287544,-0.5742006396666859,1.185424350213161,-0.5134589697928975,0.9640467432502684,-0.5134589697928975,0.9640467432502684,0.22955956813793066,0.6126337678486319,0.8174492849317463,0.6275612783049104,0.6433739160336307,0.6275612783049104,0.6433739160336307,0.1747142370427703,-0.9093826436709437,0.6459102277437572,-0.8626169423902152,0.5021038401410259,-0.8626169423902152,0.5021038401410259,0.15121940329079894,173.5699132627804,171.44097019987547,116.09148131476887,107.25902796162913
0.06,1.23552,1,1.82752,0.6226942587485551,1.4889751236080022,0.663916524233253,1.3440458670550084,0.663916524233253,1.3440458670550084,0.15067768440181983,-0.5594727905303183,1.1414614675299832,-0.469678531326516,0.9127966129191248,-0.469678531326516,0.9127966129191248,0.245663641429017,0.6036869352763459,0.814215149416122,0.627021618444222,0.6440252808040258,0.627021618444222,0.6440252808040258,0.17178212601067597,-0.929297938103633,0.6369497426644596,-0.8655845279043158,0.4924618928323873,-0.8655845279043158,0.4924618928323873,0.15791180256181592,173.45424035377832,171.44915098352917,109.91703744130162,100.35134417419363
0.07,1.26094,1,1.85294,0.6164148510463545,1.4958769835478638,0.6630823302727953,1.3446542459721966,0.6630823302727953,1.3446542459721966,0.1582598179489329,-0.5274354529441038,1.080355597773765,-0.42509687724606643,0.8582265787394442,-0.42509687724606643,0.8582265787394442,0.24457000055823,0.5999056075499836,0.816207701831816,0.626614326239965,0.644565844562671,0.626614326239965,0.644565844562671,0.17370746334243134,-0.9469872638685947,0.6281728427513347,-0.8658813824015237,0.4844082718904801,-0.8658813824015237,0.4844082718904801,0.16506488373774794,173.3923595545375,171.45885656970728,101.96659481572418,93.50173237747246
0.08,1.28636,1,1.87836,0.6136763394196255,1.5165616325378195,0.662331506511944,1.3451652701053975,0.662331506511944,1.3451652701053975,0.17816856720490168,-0.47248756757417837,0.9965595586557914,-0.38022569895234143,0.8009456712053045,-0.38022569895234143,0.8009456712053045,0.21628001610200806,0.6029612551589936,0.8251182104856741,0.6262320616215461,0.6450062686508581,0.6262320616215461,0.6450062686508581,0.18160903618742583,-0.9617303349435463,0.6196389330764355,-0.8635986385363554,0.47788492093456475,-0.8635986385363554,0.47788492093456475,0.17240658281536328,173.40751460768004,171.4715270905308,91.60603513160838,86.78853157122451
0.09,1.31178,1,1.90378,0.617889507069807,1.519063699162012,0.661618554177007,1.3455835009789299,0.661618554177007,1.3455835009789299,0.1789067039619956,-0.4519790890028683,0.9127985045334622,-0.3354760758519445,0.7413413472103718,-0.3354760758519445,0.7413413472103718,0.2072932919092157,0.6037895185890014,0.8249434522378248,0.6258269018679232,0.6453378339897213,0.6258269018679232,0.6453378339897213,0.18095254728261106,-0.9697038722319009,0.6111650362046985,-0.8585454329244754,0.472966777953185,-0.8585454329244754,0.472966777953185,0.17735545442138123,173.74828767392313,171.49167989222852,83.57965471307034,80.31607383954469
0.1,1.3372,1,1.9292,0.6220564055530445,1.5178066124016303,0.6611469248879913,1.3458650273513197,0.6611469248879913,1.3458650273513197,0.1763291733420452,-0.43959390682234284,0.8319831851560234,-0.2917715671278993,0.680038660430724,-0.2917715671278993,0.680038660430724,0.21198722297991587,0.6030354014218872,0.823539937266036,0.6253862281066178,0.6454983927053188,0.6253862281066178,0.6454983927053188,0.17943898975154957,-0.9757079414641608,0.6039169023439748,-0.8496458974205203,0.4701191328712416,-0.8496458974205203,0.4701191328712416,0.18383003580573937,174.17901565621054,171.53777073148433,75.84743361342491,74.30739524067658
0.11,1.36262,1,1.95462,0.6157417616184533,1.5223360790623734,0.6607838048664848,1.346024978266555,0.6607838048664848,1.346024978266555,0.1819735967765401,-0.4218400693504981,0.7675363461434419,-0.2477669798892481,0.6221165711764505,-0.2477669798892481,0.6221165711764505,0.22682229040822857,0.5967366254117215,0.8286485995422662,0.6251151400572605,0.6455396636019369,0.6251151400572605,0.6455396636019369,0.18529496084536862,-0.9806896797469904,0.603413081500367,-0.8355674016311048,0.47079566682779544,-0.8355674016311048,0.47079566682779544,0.19659057525726215,174.6378462914612,171.56483058159964,68.83425752158752,69.27602539626128
0.12,1.38804,1,1.98004,0.6093412674983173,1.5281019418303516,0.6604861610325946,1.3460642751644603,0.6604861610325946,1.3460642751644603,0.1890859916011621,-0.4188865267967082,0.7015970364845001,-0.20643933960718633,0.5649987630487516,-0.20643933960718633,0.5649987630487516,0.2525725552200144,0.5933221238381681,0.8351017095869091,0.625002509327769,0.6454671128301308,0.625002509327769,0.6454671128301308,0.19226265137013904,-0.9795742727733341,0.6042988526069356,-0.8186353260797417,0.4723859194135705,-0.8186353260797417,0.4723859194135705,0.20809220674143517,174.4317356285587,171.57128065593116,62.28135724709337,64.90613599194653
0.13,1.41346,1,2.0054600000000002,0.6028592683707413,1.5350416223749819,0.6602769171437265,1.3460054044200491,0.6602769171437265,1.3460054044200491,0.1975638582568247,-0.42998418447953707,0.6342407953376784,-0.16873216032678173,0.508302990199252,-0.16873216032678173,0.508302990199252,0.2900223282559398,0.5926459134858784,0.842831220196963,0.6249595864772962,0.6452950745888295,0.6249595864772962,0.6452950745888295,0.20016169035036152,-0.9726703183859273,0.6065038835557729,-0.7992690714059708,0.47431688496199537,-0.7992690714059708,0.47431688496199537,0.2180398932567965,173.60048289502134,171.57403546066126,55.61589340413123,61.117174742562945
0.14,1.43888,1,2.0308800000000002,0.6046721186995767,1.5260663132482566,0.66024460345417,1.3459072431188988,0.66024460345417,1.3459072431188988,0.1885353855690607,-0.4542100463267027,0.570233318613662,-0.13525308740543124,0.4526631538748784,-0.13525308740543124,0.4526631538748784,0.3399357075698438,0.59518953500762,0.8388938247865697,0.6247581260519368,0.6450578845948723,0.6247581260519368,0.6450578845948723,0.19607823256635432,-0.9643806656447299,0.6068853452995296,-0.7770896104124488,0.4767379276013529,-0.7770896104124488,0.4767379276013529,0.2280707997607871,173.45666622255848,171.61896930430467,49.19443825425554,57.936619331676766
0.15,1.4643,1,2.0563000000000002,0.6061752739327145,1.5178115180458813,0.6601252323448885,1.3457247092922286,0.6601252323448885,1.3457247092922286,0.18034541236108984,-0.47749468461596617,0.5099869542167361,-0.10638197942991927,0.3999533360654582,-0.10638197942991927,0.3999533360654582,0.3870814346800515,0.596693190002229,0.8351014788416419,0.6249135283757468,0.6447694166447409,0.6249135283757468,0.6447694166447409,0.1924127890708953,-0.9542999888873058,0.6061752705895289,-0.7515875572447075,0.4800651699204631,-0.7515875572447075,0.4800651699204631,0.23873853361620745,173.5167993690845,171.59535173962047,42.65469069347368,55.47949290745583
0.16,1.48972,1,2.08172,0.6027647100389449,1.519396303334184,0.6599610497942763,1.3455674416446382,0.6599610497942763,1.3455674416446382,0.18299697931302183,-0.4915317685315583,0.4604269652318968,-0.08116930822826177,0.34890039174288495,-0.08116930822826177,0.34890039174288495,0.42524760483790447,0.5932907767450905,0.837273126116982,0.6249448118447677,0.6444976955164049,0.6249448118447677,0.6444976955164049,0.19535696706626443,-0.9390321588405192,0.6027646924526694,-0.7243009954856809,0.48373260215841224,-0.7243009954856809,0.48373260215841224,0.24551600973366766,173.92173245324582,171.5879683585877,37.45491222661895,53.45764537942534
0.17,1.51514,1,2.1071400000000002,0.5995963235425902,1.5250229322264632,0.6598331176551452,1.345425282316828,0.6598331176551452,1.345425282316828,0.18943016448818872,-0.4919911137098106,0.4179729883646165,-0.059561331621769666,0.29997792710115445,-0.059561331621769666,0.29997792710115445,0.44823916709640477,0.5901267738547795,0.83977520828992,0.624841683048769,0.6442302896237992,0.624841683048769,0.6442302896237992,0.19860246759918854,-0.9207100728154205,0.6030364719462779,-0.6956334484050402,0.48744727362421597,-0.6956334484050402,0.48744727362421597,0.25302242909415834,174.11018915005178,171.60469729937665,32.8178042246081,51.840325406494124
0.18,1.54056,1,2.13256,0.5965923745393283,1.5333939569079684,0.6598606066956781,1.3452613653663108,0.6598606066956781,1.3452613653663108,0.19848612344536823,-0.4832312280941485,0.38034396556394817,-0.04159974487553996,0.2541405241091343,-0.04159974487553996,0.2541405241091343,0.4593099994610467,0.5871246506587215,0.8425016544488113,0.6246804780625371,0.6439347471703966,0.6246804780625371,0.6439347471703966,0.20208725055801946,-0.9003141590851003,0.6058085576777479,-0.6659508131203095,0.4908537627381757,-0.6659508131203095,0.4908537627381757,0.2610378953550831,174.1505643240669,171.6416250093866,28.865220315874737,50.6372662752555
0.19,1.56598,1,2.1579800000000002,0.5991783213665218,1.5391659792733647,0.6598127777058039,1.3452112795470375,0.6598127777058039,1.3452112795470375,0.20321162083279118,-0.41376524568861,0.3234386485257158,-0.027940935169552174,0.21374496137173715,-0.027940935169552174,0.21374496137173715,0.4011148259400808,0.5897113943801436,0.848080324928826,0.6248376651619393,0.6437842744512169,0.6248376651619393,0.6437842744512169,0.20729382803109658,-0.874500772683958,0.6169309978675515,-0.6358087758845947,0.4935247587183583,-0.6358087758845947,0.4935247587183583,0.2687061018976218,174.1966122963983,171.61475243112787,27.04676255185501,49.93381053058052
0.2,1.5914,1,2.1834,0.5993619332424127,1.543227139601454,0.6599079559333987,1.3452344600128976,0.6599079559333987,1.3452344600128976,0.20704328541238465,-0.35900277785613477,0.2748598626601726,-0.016694819107908498,0.17819352273062586,-0.016694819107908498,0.17819352273062586,0.35569526268668816,0.5917282162298948,0.8520886046879185,0.6248257298073042,0.6437011167041392,0.6248257298073042,0.6437011167041392,0.2109995036799768,-0.8494867193122465,0.6322007145597811,-0.605625220193626,0.49594791206472083,-0.605625220193626,0.49594791206472083,0.279344334004001,174.07586706858726,171.62663472318098,25.84476296907705,49.61535815449725
0.21,1.61682,1,2.2088200000000002,0.5938301972312146,1.5438623139274859,0.660063673659057,1.345308356442452,0.660063673659057,1.345308356442452,0.209309692639128,-0.34181529411527517,0.24608093100531414,-0.007842374800793238,0.14764176511415697,-0.007842374800793238,0.14764176511415697,0.3481783741371428,0.5919717506490001,0.8524393144384889,0.6248326788521303,0.6436803304710759,0.6248326788521303,0.6436803304710759,0.21132949152798783,-0.8267226892270737,0.6555745696342378,-0.5756223101470526,0.49819941714537835,-0.5756223101470526,0.49819941714537835,0.2963415917400426,173.5970559793594,171.6386523822465,24.100286671900154,49.61623364259754
0.22,1.64224,1,2.23424,0.598273187196522,1.5449424754286576,0.6602035810184175,1.3454075485302632,0.6602035810184175,1.3454075485302632,0.20892477289991881,-0.32273826897940017,0.2212550101486974,-0.0013751128005906324,0.12225238530391903,-0.0013751128005906324,0.12225238530391903,0.33626744991949764,0.5943483477323163,0.8530357226293204,0.6250424604951039,0.6437135866560425,0.6250424604951039,0.6437135866560425,0.21156059455085238,-0.7943506678349559,0.6673970680237776,-0.5460483863322819,0.5003369726985508,-0.5460483863322819,0.5003369726985508,0.29927094488023226,173.7680600891431,171.61338985203216,23.630118974111607,49.8664632509767
0.23,1.66766,1,2.2596600000000002,0.607296687292891,1.5457947646617265,0.6606755303898579,1.3454509894192512,0.6606755303898579,1.3454509894192512,0.20733289456518486,-0.303761261478523,0.198404690982779,0.0022407051084881112,0.10547693531556519,0.0022407051084881112,0.10547693531556519,0.319801143413315,0.597811205236193,0.8531287644091106,0.6250438223354596,0.6436921111937779,0.6250438223354596,0.6436921111937779,0.21119973282207244,-0.7570318792226896,0.672904611984258,-0.5181646416320451,0.502190744297423,-0.5181646416320451,0.502190744297423,0.2935996965509051,174.20679433732025,171.64954776780783,23.76237419390238,50.45308020227154
0.24,1.69308,1,2.28508,0.612575592072086,1.535851560499997,0.6611115628027099,1.3453281968945965,0.6611115628027099,1.3453281968945965,0.19660847523512207,-0.30929034939637334,0.17801306823583823,0.004529826619827463,0.09460091744649694,0.004529826619827463,0.09460091744649694,0.32471632200144035,0.6030979282384702,0.8379769865037384,0.6252046075370477,0.6435269969090491,0.6252046075370477,0.6435269969090491,0.1957025899751583,-0.7101722529240002,0.6579013717940381,-0.49218455412658263,0.5036032869790377,-0.49218455412658263,0.5036032869790377,0.26707028251861104,173.6555693090426,171.654453817022,23.094543592786316,51.219336318685905
0.25,1.7185,1,2.3105,0.6154651989372704,1.5326550391128142,0.6615286115491243,1.3451147747892533,0.6615286115491243,1.3451147747892533,0.19311444462805205,-0.305545562654574,0.15762722522753514,0.006166872272345561,0.08922096668978995,0.006166872272345561,0.08922096668978995,0.31913015886186924,0.6059965035690049,0.8273573049607771,0.6254462336193358,0.6432908466661992,0.6254462336193358,0.6432908466661992,0.1850912020279201,-0.6679032975187419,0.6520663440148217,-0.46808741981017954,0.504548226613961,-0.46808741981017954,0.504548226613961,0.248370650331188,173.32992588060605,171.6426109668496,22.546690983156523,52.16721834843287
0.26,1.74392,1,2.3359199999999998,0.6147700755550746,1.5395807539145907,0.6619409380717413,1.3448531977323503,0.6619409380717413,1.3448531977323503,0.20035945549754783,-0.28788692330865717,0.1372500537221831,0.007555429201724798,0.0892296570923393,0.007555429201724798,0.0892296570923393,0.2993194650358649,0.6053120743926892,0.823537253894663,0.6257193889924817,0.6430237491622759,0.6257193889924817,0.6430237491622759,0.1816633806796088,-0.6325218535916288,0.6599866408233918,-0.4459567009661372,0.5050657670876106,-0.4459567009661372,0.5050657670876106,0.24250161503221132,173.37043189105026,171.6234795965768,22.487335599079145,53.311198215236836
0.27,1.76934,1,2.36134,0.6117624227503583,1.5374128414889603,0.6623782658983328,1.3445099018138091,0.6623782658983328,1.3445099018138091,0.19943296546181968,-0.2855517855619657,0.13442517958227762,0.008597351865292074,0.09602506080664053,0.008597351865292074,0.09602506080664053,0.29664504744084774,0.6023170100312817,0.8283191034259622,0.626017780756879,0.6426889068238892,0.626017780756879,0.6426889068238892,0.18713710595045432,-0.6036926035522122,0.6546106666767745,-0.4266519717406319,0.5055697913390645,-0.4266519717406319,0.5055697913390645,0.23142291985383456,173.73489204036602,171.60094682799604,22.9567478246306,54.690237958565945
0.28,1.7947600000000001,1,2.38676,0.6090459943848858,1.5335317623355462,0.6629600345486475,1.3443774979578078,0.6629600345486475,1.3443774979578078,0.196687720661619,-0.28536933841135165,0.13683821879301764,0.00963356984537288,0.10750422624361781,0.00963356984537288,0.10750422624361781,0.29645775246873485,0.5996088755070738,0.834481337032304,0.6264167215412468,0.6425827454465257,0.6264167215412468,0.6425827454465257,0.19376204494584914,-0.5772163700915561,0.647849926879249,-0.4094861145910897,0.5061624427376644,-0.4094861145910897,0.5061624427376644,0.21956498302922428,174.08617259569374,171.57200531612378,23.553286646622773,56.23515687645173
0.29,1.82018,1,2.41218,0.6136787760509413,1.5379195118149767,0.6633696542853529,1.3443094120886523,0.6633696542853529,1.3443094120886523,0.1998851022356203,-0.265954498630426,0.13722974105425897,0.011088388514750426,0.12312045348081826,0.011088388514750426,0.12312045348081826,0.2774019345887209,0.604214655862172,0.8310885786840323,0.6267696683289448,0.6425274039547413,0.6267696683289448,0.6425274039547413,0.18990535854121254,-0.5528561767317025,0.6612643204816394,-0.3942305210203114,0.5070847853416526,-0.3942305210203114,0.5070847853416526,0.2212090136180061,173.62821664123052,171.5362723365716,24.54410791472281,57.967866320067834
0.3,1.8456,1,2.4375999999999998,0.6179031957260452,1.5336549592896098,0.6636288421276819,1.3442954980672515,0.6636288421276819,1.3442954980672515,0.19480205413000487,-0.2610659893501529,0.16359043252880304,0.013297904183998961,0.14268773943589164,0.013297904183998961,0.14268773943589164,0.2751589879574277,0.6084396966765115,0.8294440455873587,0.6270199776430243,0.6424971723366145,0.6270199776430243,0.6424971723366145,0.18786793302483631,-0.531092173304276,0.6741160767580424,-0.38085657080065943,0.5084091017083041,-0.38085657080065943,0.5084091017083041,0.22367283661580206,173.39615342815236,171.5054240721931,25.684017847613998,59.94374712456386
0.31,1.87102,1,2.46302,0.6216897359401986,1.5201126937993161,0.6642763350536328,1.3445048270608557,0.6642763350536328,1.3445048270608557,0.18069792827943887,-0.27175381163389634,0.21779741251304713,0.016984959350877776,0.1662394337149163,0.016984959350877776,0.1662394337149163,0.2933058182981482,0.6122564771028536,0.8296741040240563,0.6271529563231479,0.642644259576208,0.6271529563231479,0.642644259576208,0.18762214103710415,-0.5121120191902627,0.6863645268147862,-0.3695722683568858,0.5100761498549339,-0.3695722683568858,0.5100761498549339,0.22670503395112376,173.40900027346817,171.526235206738,26.865690739906302,62.27785412646099
0.32,1.89644,1,2.4884399999999998,0.6163328844709055,1.526178404077934,0.6645391202669066,1.344849061443516,0.6645391202669066,1.344849061443516,0.18762774760106732,-0.325181412953243,0.3290931917628804,0.022000656002982705,0.19309081394955013,0.022000656002982705,0.19309081394955013,0.372869998492243,0.606883777333941,0.8315214447008908,0.6272487235545656,0.6428922522184631,0.6272487235545656,0.6428922522184631,0.1897253364502003,-0.498071474448162,0.6995290839453946,-0.3595053019875013,0.5118356796772824,-0.3595053019875013,0.5118356796772824,0.23330108905907526,173.74765091842548,171.52280515273856,25.786416866580513,65.03307440121017
0.33,1.92186,1,2.51386,0.6100896418115137,1.5343892565665098,0.6648456850840206,1.3451505435306375,0.6648456850840206,1.3451505435306375,0.1970013065599665,-0.37575125634989914,0.4396200032791081,0.027383782982531465,0.2224590381148587,0.027383782982531465,0.2224590381148587,0.45790473324549585,0.6006217440356154,0.8325852678664311,0.627345309509586,0.6430655855919958,0.627345309509586,0.6430655855919958,0.1913945112092938,-0.4881865001927567,0.7106821220638466,-0.349665257589461,0.5135561695367207,-0.349665257589461,0.5135561695367207,0.24092898499783671,174.06308247478609,171.5245843062879,23.905779216059685,68.1890301615799
0.34,1.9472800000000001,1,2.53928,0.6070047821844451,1.5367783685827034,0.665255622285841,1.3453265395672336,0.665255622285841,1.3453265395672336,0.20011737357332848,-0.3842901587327289,0.5058768653473505,0.03250115241464466,0.25465415352455356,0.03250115241464466,0.25465415352455356,0.48664961520949224,0.5975399559815007,0.8294282065364783,0.6274738534219206,0.6430927906689595,0.6274738534219206,0.6430927906689595,0.1887244695912397,-0.4909150573571149,0.7133384804412286,-0.3401718582980252,0.5152791425249441,-0.3401718582980252,0.5152791425249441,0.2488996050587572,174.0567740049306,171.5315619078077,28.130318450120406,71.79550135167241
0.35000000000000003,1.9727000000000001,1,2.5647,0.6036629645485619,1.5327379753242198,0.6657085162657815,1.3452700890412512,0.6657085162657815,1.3452700890412512,0.1974686275723266,-0.39641685101095836,0.5652387502838804,0.036352482921190574,0.2907416618518316,0.036352482921190574,0.2907416618518316,0.5124821440301582,0.5942307307274907,0.8253204482515026,0.6276877908191641,0.6428915457674313,0.6276877908191641,0.6428915457674313,0.1854715054436143,-0.4937079134780524,0.7153653985754448,-0.33175068077536396,0.5171591794407312,-0.33175068077536396,0.5171591794407312,0.2559606425378536,174.28196910498087,171.53026263085266,33.67696394899643,75.95425840330633
0.36,1.99812,1,2.5901199999999998,0.600123450217267,1.5237508907685595,0.6661037998702354,1.3449299691007401,0.6661037998702354,1.3449299691007401,0.1906051640603065,-0.41130389393724925,0.6192958221882162,0.03719428182297602,0.33132662361934173,0.03719428182297602,0.33132662361934173,0.5329886236915848,0.5907465213076217,0.8204812488753782,0.6277896754387337,0.6424489506005441,0.6277896754387337,0.6424489506005441,0.18184524876113983,-0.49655023951546645,0.7169080420353378,-0.3267735943947879,0.5203820018608489,-0.3267735943947879,0.5203820018608489,0.2597048203154836,174.68945340284503,171.5443560799978,41.85688581779067,80.50416518366151
0.37,2.0235399999999997,1,2.61554,0.603829645566181,1.535839788829995,0.6666718764236639,1.3445665691259883,0.6666718764236639,1.3445665691259883,0.2013320405575884,-0.40977560286104014,0.6247380775178709,0.03624372236006343,0.3729957773343154,0.03624372236006343,0.3729957773343154,0.512159569052845,0.594394807354209,0.828226950506458,0.6280338577022865,0.642041081057104,0.6280338577022865,0.642041081057104,0.189200326878503,-0.5000464252344932,0.6226554473170678,-0.32490632332951475,0.5245697359100123,-0.32490632332951475,0.5245697359100123,0.20073580168349242,174.42555129561248,171.5457926127169,91.68769436201939,85.24305553052407
0.38,2.04896,1,2.6409599999999998,0.6064020198339225,1.5419516818257206,0.6672774295511268,1.344165340306403,0.6672774295511268,1.344165340306403,0.20694263069709362,-0.4057740748134328,0.6344396199807689,0.03414425203125401,0.41321129540729845,0.03414425203125401,0.41321129540729845,0.49241253628173753,0.5969269882740176,0.8313243327539513,0.6283682000988032,0.6416495634025267,0.6283682000988032,0.6416495634025267,0.19226301758145584,-0.4988721081499997,0.5520302401057592,-0.32553681373807886,0.5295624697206914,-0.32553681373807886,0.5295624697206914,0.17478536836630065,174.19389770110803,171.53246517155068,131.85259864028757,89.87078876175958
0.39,2.0743799999999997,1,2.66638,0.6047182074956291,1.5290250606926468,0.6677069479760372,1.343675103302752,0.6677069479760372,1.343675103302752,0.19576053772848087,-0.39888394048561593,0.6643767453698861,0.031648597360429784,0.44898663908561365,0.031648597360429784,0.44898663908561365,0.4814054050686458,0.5952694855035094,0.82037089555972,0.6286878827682313,0.6412146675049065,0.6286878827682313,0.6412146675049065,0.18224638083257264,-0.48596005523129787,0.5591425458990453,-0.32781028301133336,0.5351690672773296,-0.32781028301133336,0.5351690672773296,0.15995648824118552,174.14782652913755,171.50537906999824,141.89697588525607,93.92452665391457
0.4,2.0998,1,2.6917999999999997,0.6045902396353776,1.5209663236428073,0.6679693462662012,1.3435475929058895,0.6679693462662012,1.3435475929058895,0.18839935555521473,-0.39739978877560245,0.6919128181958689,0.03145398384237839,0.47556034531452185,0.03145398384237839,0.47556034531452185,0.4803373302279855,0.595172491869024,0.8183439789147817,0.6290015429785984,0.6411041741517682,0.6290015429785984,0.6411041741517682,0.18043933354844044,-0.4858682838502983,0.5714823099421072,-0.3290485610615756,0.5396859418742418,-0.3290485610615756,0.5396859418742418,0.16001073238329674,174.1354157997992,171.46449158778458,145.19314648876446,97.05809905927785
0.41000000000000003,2.1252199999999997,1,2.71722,0.6052842095962719,1.5156436462108134,0.6679507816788876,1.34336484775986,0.6679507816788876,1.34336484775986,0.18332234902567074,-0.39882221171376553,0.7181481694411488,0.03305504969876836,0.4948653799537412,0.03305504969876836,0.4948653799537412,0.48618224258653064,0.5958995733288864,0.821130875915248,0.6294241304257226,0.6409102411535137,0.6294241304257226,0.6409102411535137,0.18331222851316134,-0.492618915087295,0.5866639379459717,-0.32858292845520104,0.5435561979167373,-0.32858292845520104,0.5435561979167373,0.16960566665295287,174.14165042515663,171.38713793191516,145.3968982081682,99.40591561201852
0.42,2.15064,1,2.7426399999999997,0.6032275714643749,1.520546535753465,0.6677976519617871,1.3432821075570593,0.6677976519617871,1.3432821075570593,0.1886583494024078,-0.39648850487138465,0.7449321928551982,0.03592047638573216,0.5077732108650379,0.03592047638573216,0.5077732108650379,0.49317533374087835,0.5938303411646931,0.8193639004139791,0.629725168409197,0.6407361065896042,0.629725168409197,0.6407361065896042,0.1821985931599807,-0.48467324213804985,0.601795831599671,-0.3268546822498919,0.5464644318546501,-0.3268546822498919,0.5464644318546501,0.16723714193598083,174.13531612700382,171.32266853975102,149.78223894597204,101.06862450808663
0.43,2.1760599999999997,1,2.76806,0.6024740855352625,1.5228837997789786,0.6676592454284321,1.343413677426706,0.6676592454284321,1.343413677426706,0.19094143051584633,-0.395373618632516,0.7646350830785538,0.039466723842010616,0.5152388188982296,0.039466723842010616,0.5152388188982296,0.50128297400816,0.5930604279487728,0.8168594532180123,0.6297212581766566,0.6406627238695144,0.6297212581766566,0.6406627238695144,0.17997028617553942,-0.482225325620737,0.6118877670195045,-0.324395322217582,0.5481841281144202,-0.324395322217582,0.5481841281144202,0.1702012443667475,174.11405419891895,171.31291510904603,151.91710830849695,102.16882387929427
0.44,2.20148,1,2.7934799999999997,0.6039440047839315,1.5208436587348,0.6678249126193088,1.3434109839188932,0.6678249126193088,1.3434109839188932,0.18858187738539267,-0.3963382531394549,0.7722563237700234,0.04216065268210459,0.5180055376095369,0.04216065268210459,0.5180055376095369,0.5068774533059547,0.5945073797091823,0.8130967505542982,0.6296373839545205,0.6404967358463484,0.6296373839545205,0.6404967358463484,0.17613881535726864,-0.4891575414400917,0.6133806537564342,-0.32296827721810195,0.5491143432943587,-0.32296827721810195,0.5491143432943587,0.1781825754754213,174.06686019422565,171.34567029291117,150.7157444644652,102.59122077768566
0.45,2.2268999999999997,1,2.8189,0.6043314095838975,1.5223750252602517,0.6680736990165788,1.3434658015801466,0.6680736990165788,1.3434658015801466,0.18992522154768593,-0.3923849071209964,0.7679882646157296,0.044115467168485835,0.5179570279745608,0.044115467168485835,0.5179570279745608,0.5030389607686171,0.5948887313091489,0.8141741393669124,0.6294133794933924,0.6403934103906924,0.6294133794933924,0.6403934103906924,0.17717701062991276,-0.48260410945004417,0.611670310898342,-0.3220529750800549,0.5494594867482966,-0.3220529750800549,0.5494594867482966,0.17218261639584356,174.08873645109446,171.40754257198572,151.66099704347414,102.62839594968787
0.46,2.25232,1,2.8443199999999997,0.6046483484032686,1.524864299010691,0.6684543145015378,1.343465448003454,0.6684543145015378,1.343465448003454,0.19229338120819256,-0.3874475018821107,0.7604663469945339,0.04557042906375529,0.5158603864718179,0.04557042906375529,0.5158603864718179,0.49732947272796857,0.5952048333371314,0.8171274373913571,0.6292391765349289,0.6402774012179782,0.6292391765349289,0.6402774012179782,0.18009517431466868,-0.47243913747734617,0.6093701059363374,-0.3215920699977362,0.5493683310621578,-0.3215920699977362,0.5493683310621578,0.16234238742623489,174.09528790250172,171.4714275948461,153.23350419958356,102.38560784857478
0.47000000000000003,2.2777399999999997,1,2.86974,0.6082422219944954,1.5237650208673994,0.6689224685063708,1.34335063431691,0.6689224685063708,1.34335063431691,0.19034558884074881,-0.39078693780015616,0.7642427519600002,0.04662880036049735,0.5122229997881741,0.04662880036049735,0.5122229997881741,0.5048232200239784,0.5987876444208285,0.8209702174020014,0.6292431153907403,0.6401217631947886,0.6292431153907403,0.6401217631947886,0.18339492659595974,-0.4758781359631587,0.6129695107813292,-0.32150187463134516,0.5489320877846623,-0.32150187463134516,0.5489320877846623,0.1671311509170042,173.70071382331625,171.51195671566134,152.6777139642899,101.93530363790009
0.48,2.30316,1,2.8951599999999997,0.6115368653890018,1.5232144938844667,0.6690417686266841,1.3431200853929315,0.6690417686266841,1.3431200853929315,0.18905239978982327,-0.3887149073289547,0.7611178392317819,0.047142624746759565,0.5076698993639563,0.047142624746759565,0.5076698993639563,0.5041900896391928,0.6020759057996581,0.8231034842729726,0.6296048702746572,0.6400056247704161,0.6296048702746572,0.6400056247704161,0.18515579936767765,-0.4764734873856172,0.6097424858022698,-0.32145299515882436,0.5482263182494387,-0.32145299515882436,0.5482263182494387,0.16678007039399256,173.4852678413178,171.45931426439844,151.88892080310293,101.37680039546419
0.49,2.3285799999999997,1,2.92058,0.6144689264859732,1.5233288979769333,0.6689034804331961,1.3429603195984736,0.6689034804331961,1.3429603195984736,0.18840367493682195,-0.38008571137797603,0.7496304829640592,0.047111665247640974,0.5031319246558055,0.047111665247640974,0.5031319246558055,0.49321307549968385,0.6050072563122042,0.8231653051179706,0.6297890023376874,0.6399912688377959,0.6297890023376874,0.6399912688377959,0.1848428048457454,-0.47362314349755047,0.598243760183743,-0.3214453185540018,0.5474375112543725,-0.3214453185540018,0.5474375112543725,0.1604349255456009,173.4852678413179,171.4161844364217,150.86200649102219,100.82346630738095
0.5,2.354,1,2.9459999999999997,0.611087820695417,1.5264021007654267,0.6686725762118098,1.342854463335868,0.6686725762118098,1.342854463335868,0.19236875857024036,-0.3844932803472853,0.7338724849225982,0.04678670031019511,0.49886921255940136,0.04678670031019511,0.49886921255940136,0.4911506487192372,0.6016505579616578,0.8233761307924087,0.6298243377249856,0.6400325984800077,0.6298243377249856,0.6400325984800077,0.18549558675866368,-0.4788659076848827,0.5968818208055775,-0.32145562908270187,0.5466946267767265,-0.32145562908270187,0.5466946267767265,0.16521728194745766,173.8046305127351,171.39121864075494,147.66166084401718,100.2974756699148
0.51,2.3794199999999996,1,2.97142,0.6065485358845294,1.5288841679409495,0.6683103532704529,1.342815473110933,0.6683103532704529,1.342815473110933,0.19605122106877573,-0.3930751841334586,0.7204853320088305,0.046282408908768884,0.49494475896987666,0.046282408908768884,0.49494475896987666,0.49386601892679277,0.5971369483472876,0.8240127985337163,0.6296988315635453,0.6401242509440774,0.6296988315635453,0.6401242509440774,0.18674922803914373,-0.4841978979003832,0.5971369692169829,-0.3215183318975949,0.546015644775546,-0.3215183318975949,0.546015644775546,0.1705228166771304,174.14055822183025,171.38348156983923,145.3103998546814,99.80428966354694
0.52,2.40484,1,2.9968399999999997,0.6034053679604748,1.5253244148508203,0.6675174213735123,1.3429040842394262,0.6675174213735123,1.3429040842394262,0.19335855919303516,-0.4072438428040572,0.7230291626807428,0.04572460362702528,0.4913015841682023,0.04572460362702528,0.4913015841682023,0.5088006329648913,0.5939980309203471,0.8265098712700613,0.6293425171202673,0.6402957173466225,0.6293425171202673,0.6402957173466225,0.18953876602468028,-0.4811099864388168,0.5939980375469519,-0.3217725062993735,0.5453279819163463,-0.3217725062993735,0.5453279819163463,0.16660494258056613,174.1930284537305,171.38090950984062,151.99226747156348,99.34069566363844
0.53,2.4302599999999996,1,3.02226,0.6021824670873853,1.5242743698149446,0.6668635830191867,1.3430751251665332,0.6668635830191867,1.3430751251665332,0.1923975390158044,-0.4140004461225781,0.7245007807145107,0.04493869035074421,0.48862471850128264,0.04493869035074421,0.48862471850128264,0.516006441541283,0.5927733660391451,0.8280008922451557,0.6290640055989204,0.6404526572556423,0.6290640055989204,0.6404526572556423,0.19102709485133068,-0.48293629949555805,0.5958455120744418,-0.32198297416886057,0.5449345158031016,-0.32198297416886057,0.5449345158031016,0.1688132177143192,174.21727366676473,171.37543827158325,153.30702474746792,98.96816986287351
0.54,2.45568,1,3.0476799999999997,0.6026302644724685,1.5254078569459362,0.6662696519978639,1.343254961714028,0.6662696519978639,1.343254961714028,0.19294986106751671,-0.41430830682482284,0.7250395369434389,0.044173448288114106,0.4863276385047324,0.044173448288114106,0.4863276385047324,0.5169031729711575,0.5932141665900865,0.8286166136496445,0.6288794902109179,0.6406608869230088,0.6288794902109179,0.6406608869230088,0.19130961951328107,-0.48903815659127853,0.6020313311798655,-0.3219663839217576,0.5444353523453647,-0.3219663839217576,0.5444353523453647,0.1767208929381027,174.2172736667648,171.35946165872912,149.65889095353776,98.68737893921298
0.55,2.4811,1,3.0731,0.604718434091511,1.5293289564429908,0.6657523845474458,1.3434461837553064,0.6657523845474458,1.3434461837553064,0.19564648806027377,-0.4114094796882601,0.7244615526894096,0.04344562180603146,0.4844453613854236,0.04344562180603146,0.4844453613854236,0.514296544265518,0.5953098422972549,0.8330931785336879,0.6287440463221542,0.6409101143525238,0.6287440463221542,0.6409101143525238,0.1950696700075131,-0.48667821404231754,0.6021498619756129,-0.3217841825967406,0.5439025523726306,-0.3217841825967406,0.5439025523726306,0.1748793603669701,174.2578147849774,171.34124636805493,149.75500099396146,98.48604879626679
0.56,2.50652,1,3.09852,0.6048269586507926,1.5299866220386145,0.6653698882413623,1.3436776274203297,0.6653698882413623,1.3436776274203297,0.1958991776375918,-0.41183627848338833,0.7215915366080122,0.04270736854971807,0.48323464255450554,0.04270736854971807,0.48323464255450554,0.5132484154880479,0.5954270154868226,0.8343908508541426,0.6285644697346879,0.6411588064413868,0.6285644697346879,0.6411588064413868,0.19605283436350157,-0.4855664483698277,0.6008616549333662,-0.32161630270972924,0.5436063869659609,-0.32161630270972924,0.5436063869659609,0.17366005865479517,174.36907796216715,171.3394373361695,150.21216037098137,98.3401320041367
0.5700000000000001,2.53194,1,3.12394,0.5986427639305997,1.5202425763210634,0.6649282758121933,1.3438248998274567,0.6649282758121933,1.3438248998274567,0.18845945363607464,-0.4229866481622541,0.7124547162353356,0.042035581946871584,0.4826786096544947,0.042035581946871584,0.4826786096544947,0.5186932943957485,0.5892498817507542,0.8251693013635765,0.6283727701289847,0.6413336392448661,0.6283727701289847,0.6413336392448661,0.1879525234246142,-0.490931568931549,0.5975453856825494,-0.32152197964345347,0.5433485829491002,-0.32152197964345347,0.5433485829491002,0.17786765408384297,174.6788260852779,171.33507904743857,150.49184067891582,98.28597715392434
0.58,2.55736,1,3.1493599999999997,0.5951365649517271,1.521671878927256,0.6645332186709078,1.344012775699005,0.6645332186709078,1.344012775699005,0.19073188644609543,-0.4223870621229075,0.7132584672845165,0.04123084533678363,0.4825546520460876,0.04123084533678363,0.4825546520460876,0.5178472887665532,0.5892831021121802,0.8260603386765265,0.6282213616868538,0.6415469136656394,0.6282213616868538,0.6415469136656394,0.18857728407194999,-0.4917348479858307,0.5898165165631464,-0.3216749898249063,0.5432168029596741,-0.3216749898249063,0.5432168029596741,0.17632892180705745,174.31297633084262,171.32765583036633,151.57041588619612,98.25296693511775
0.59,2.5827799999999996,1,3.17478,0.5932901772670718,1.5300263791563633,0.6642138729122258,1.344194409652258,0.6642138729122258,1.344194409652258,0.19890623794577472,-0.41450489945107516,0.7202233456508143,0.04043525548108083,0.48256081033959525,0.04043525548108083,0.48256081033959525,0.5132777272201187,0.5931654756716707,0.8332191177678673,0.628097811032444,0.6417474676776445,0.628097811032444,0.6417474676776445,0.1946321166766427,-0.48971071550257894,0.579352735290701,-0.3218714023305253,0.5431858586064517,-0.3218714023305253,0.5431858586064517,0.17169181114765023,173.5337597238001,171.32179235700826,152.8272786543606,98.2190551586023
0.6,2.6082,1,3.2001999999999997,0.5939548656812995,1.5348419784844836,0.6639948405517516,1.3443062792381457,0.6639948405517516,1.3443062792381457,0.20300111026086648,-0.41482562047582755,0.7184153861117977,0.03983211022482437,0.482354239263348,0.03983211022482437,0.482354239263348,0.5122875336539743,0.5939548656812995,0.8428117577383185,0.6279827465543654,0.6418678029315583,0.6279827465543654,0.6418678029315583,0.20380473412090516,-0.4846174054604568,0.5826286152032093,-0.3218565858689451,0.5432140646122712,-0.3218565858689451,0.5432140646122712,0.16746519397291557,173.56026361812258,171.32296556310004,154.25939330067737,98.16374891967871
0.61,2.6336199999999996,1,3.22562,0.5967696339734605,1.536998994817685,0.6639758561343052,1.3445215232283578,0.6639758561343052,1.3445215232283578,0.20387313056544026,-0.41542397157291466,0.7175505185145671,0.03942793783395832,0.4820608730125285,0.03942793783395832,0.4820608730125285,0.5121968690159614,0.59481159566122,0.8458148005638219,0.6279146716496715,0.6420745064166343,0.6279146716496715,0.6420745064166343,0.2064120178165014,-0.47955611055636527,0.5853701598408307,-0.32180742090124415,0.5430721273158395,-0.32180742090124415,0.5430721273158395,0.16332107225766346,173.72170625156846,171.33348483305298,156.1246624491666,98.13226193399578
0.62,2.65904,1,3.2510399999999997,0.6036659123443886,1.5341280258129346,0.6640696856186452,1.344698380181379,0.6640696856186452,1.344698380181379,0.19882707680259382,-0.4162076672401537,0.7189041576202219,0.03919065609354069,0.48132869922404886,0.03919065609354069,0.48132869922404886,0.5136435839444426,0.5959337053665843,0.8358694569104437,0.6278289291887371,0.6422415003450205,0.6278289291887371,0.6422415003450205,0.196237333008698,-0.4746903164141921,0.5864744443743913,-0.3220160459777666,0.5429046231969871,-0.3220160459777666,0.5429046231969871,0.1587695253212208,174.10466442423646,171.35684911621803,158.73375282854838,98.02650228403424
0.63,2.6844599999999996,1,3.27646,0.6000950549667209,1.5251407442696951,0.6643126977095993,1.3448234250046278,0.6643126977095993,1.3448234250046278,0.1914111837547435,-0.41934302375497085,0.7173823636253891,0.03903517392541605,0.4801530970144201,0.03903517392541605,0.4801530970144201,0.516128178891153,0.5946722125876535,0.8266368638976063,0.6277910143086908,0.6423610816555261,0.6277910143086908,0.6423610816555261,0.18722825360604084,-0.4799948716634204,0.5852329808522914,-0.3223062749486842,0.5427742788673697,-0.3223062749486842,0.5427742788673697,0.16330473020738595,173.85591738603944,171.38474317599778,157.30023179345218,97.84403546632889
0.64,2.70988,1,3.3018799999999997,0.592864684679804,1.5142069899516652,0.6647266834652794,1.3448913182445077,0.6647266834652794,1.3448913182445077,0.18393461760932772,-0.42287661343541744,0.714780939356065,0.03888410073896232,0.47852597730336854,0.03888410073896232,0.47852597730336854,0.5186900464143825,0.5925157572338786,0.8185850027477739,0.6278483601652918,0.6424326951001114,0.6278483601652918,0.6424326951001114,0.17966087030710293,-0.488711697572515,0.5831107663167902,-0.32252532762323455,0.5427212061981184,-0.32252532762323455,0.5427212061981184,0.17102405130126844,173.39906001709048,171.41065198324435,154.3780622422637,97.5844457796775
0.65,2.7352999999999996,1,3.3273,0.5983987682214924,1.5136941216053197,0.6652827514581738,1.3449446823555893,0.6652827514581738,1.3449446823555893,0.18152090915567587,-0.4169985424333177,0.7145388400124486,0.03860643845639408,0.4762856319839393,0.03860643845639408,0.4762856319839393,0.5141405350168287,0.5923150978819719,0.8240426053789806,0.6279891532502535,0.6425053608373126,0.6279891532502535,0.6425053608373126,0.18500921431701878,-0.48281133108686997,0.5829132642206816,-0.32246641175152246,0.5426707210108397,-0.32246641175152246,0.5426707210108397,0.1653177408527442,173.92199405066148,171.43298915375283,154.93254938975954,97.244157604229
0.66,2.76072,1,3.3527199999999997,0.6013680429182309,1.5128164390024286,0.6658852205858959,1.3449026712591152,0.6658852205858959,1.3449026712591152,0.1798819046262198,-0.4158553482631477,0.7189541677260529,0.038248943738546766,0.4729785714484818,0.038248943738546766,0.4729785714484818,0.5164442873906795,0.5919716672476338,0.8244662162258303,0.6281750762023451,0.6425211928498175,0.6281750762023451,0.6425211928498175,0.18551193587270853,-0.48162997795732904,0.5849900934037606,-0.32308092616062456,0.5427054813590028,-0.32308092616062456,0.5427054813590028,0.1640907987713198,174.20586857464858,171.45181220458144,155.4279067368869,96.68046766099505
0.67,2.7861399999999996,1,3.37814,0.6008202756354206,1.511438498044009,0.6665412676795369,1.3447759758594586,0.6665412676795369,1.3447759758594586,0.17915257490803346,-0.42120494228601585,0.7297560791841655,0.037920185048082,0.46864849100162215,0.037920185048082,0.46864849100162215,0.5281789991622691,0.591432458828617,0.8179868719206199,0.6284381430482023,0.6424800704566939,0.6284381430482023,0.6424800704566939,0.17936571028113937,-0.48691965993363995,0.5901856417849787,-0.3237345344333158,0.5428280719242682,-0.3237345344333158,0.5428280719242682,0.16991799377249198,174.15323343705336,171.462216065267,155.80342681655125,95.94754136836492
0.68,2.81156,1,3.40356,0.6047176959758147,1.5223349487734223,0.6672307376240781,1.3445905737288422,0.6672307376240781,1.3445905737288422,0.18841693988626898,-0.42135263553849833,0.7229802667930145,0.03768620904170981,0.4632063606764799,0.03768620904170981,0.4632063606764799,0.5274458674902807,0.5953042066958669,0.825736729067729,0.6287781576433492,0.6424039426985558,0.6287781576433492,0.6424039426985558,0.18636366585233113,-0.4827382963798245,0.5817779249607798,-0.3241738352015221,0.5429968513868579,-0.3241738352015221,0.5429968513868579,0.16323804708557169,173.9028585410418,171.4624103439555,157.8579065308923,95.05973386032699
0.6900000000000001,2.83698,1,3.42898,0.6087174848429723,1.534218711843761,0.6678333107034753,1.3444552336832263,0.6678333107034753,1.3444552336832263,0.19875829167799017,-0.4206664665111247,0.71260029666665,0.03763430625204322,0.4560938299104003,0.03763430625204322,0.4560938299104003,0.5252001197668295,0.5984468244735731,0.836197635391349,0.6291196848841433,0.6424059626240874,0.6291196848841433,0.6424059626240874,0.19620406927405887,-0.47815657419034546,0.5725954911015466,-0.32456971658733774,0.5429916915671482,-0.32456971658733774,0.5429916915671482,0.1564138989196274,173.8302447513316,171.4545898062984,159.46609510829646,93.96522420547053
0.7000000000000001,2.8624,1,3.4544,0.6059549739450419,1.5316371522342151,0.6682159885026083,1.3442722074813283,0.6682159885026083,1.3442722074813283,0.19743874102108191,-0.42363023968107943,0.7098580965280583,0.037361223438871424,0.4479828983705884,0.037361223438871424,0.4479828983705884,0.5301808639318163,0.5899192542076411,0.8392426521594091,0.6293334182874428,0.642368511692835,0.6293334182874428,0.642368511692835,0.20078073491887077,-0.4868946389426143,0.5813520206188936,-0.3254811845998334,0.5431375862631256,-0.3254811845998334,0.5431375862631256,0.1658753937026234,175.0978914599055,171.45145600759628,154.98438821469776,92.67254621171412
0.71,2.8878199999999996,1,3.47982,0.6051300287570431,1.5302779009338532,0.6685832212378995,1.3440771599864747,0.6685832212378995,1.3440771599864747,0.19671559054982235,-0.4254820514697957,0.704764194762791,0.0371845393904297,0.4388546160245342,0.0371845393904297,0.4388546160245342,0.5336368412722086,0.5891347665431392,0.8400514433016639,0.6295591931234744,0.6423190838212571,0.6295591931234744,0.6423190838212571,0.20182224914522612,-0.48583804599558983,0.5993374614710606,-0.3263365805604671,0.5432378237303386,-0.3263365805604671,0.5432378237303386,0.16907952812387397,175.26838478508253,171.44580609439834,151.6440121354199,91.26504140427944
0.72,2.91324,1,3.5052399999999997,0.6062093993213956,1.5301199822930631,0.6689805205403638,1.3438899186603637,0.6689805205403638,1.3438899186603637,0.19652442662357697,-0.4262409838978563,0.6973589481850331,0.03721431365415508,0.4286875262005602,0.03721431365415508,0.4286875262005602,0.53570061211481,0.5959604848675628,0.838662383984855,0.6298318244516353,0.6422727561508346,0.6298318244516353,0.6422727561508346,0.1992891205409985,-0.4751548783987136,0.6263934392045658,-0.32699481003949027,0.5432405526077178,-0.32699481003949027,0.5432405526077178,0.1698994067252679,174.35163055005455,171.43504867653678,147.8255711652688,89.76708326734874
0.73,2.9386599999999996,1,3.53066,0.6006100816524083,1.5256971430374704,0.6693858811800131,1.3437405234624937,0.6693858811800131,1.3437405234624937,0.194520749555964,-0.4258119274093199,0.6929982627703551,0.03752881444718581,0.41743270466794336,0.03752881444718581,0.41743270466794336,0.5390927748323388,0.5911475943766454,0.8399246759031975,0.6301468141725524,0.6422520891461095,0.6301468141725524,0.6422520891461095,0.20148297868536671,-0.48809167577734164,0.5768698118759887,-0.32747776362271014,0.5431438504766158,-0.32747776362271014,0.5431438504766158,0.16411663306906973,174.61366577334988,171.4171353366889,153.10151072155034,88.18121372617702
0.74,2.96408,1,3.5560799999999997,0.596598284894234,1.5213156662340381,0.669593322119677,1.3435403257548675,0.669593322119677,1.3435403257548675,0.19217790492673412,-0.42781415385705573,0.6884882406202334,0.038285569176478906,0.404910992796124,0.038285569176478906,0.404910992796124,0.545586846703102,0.5871491192654499,0.8370731901189297,0.6305156129075568,0.642164946848118,0.6305156129075568,0.642164946848118,0.1996744251668821,-0.5008057783254902,0.5447634785828094,-0.32807233423929594,0.5428877931692931,-0.32807233423929594,0.5428877931692931,0.17274362767306028,174.83524809175967,171.3759835362624,153.07594410194062,86.50471556311903
0.75,2.9894999999999996,1,3.5815,0.6015835891086265,1.5193506459412638,0.6700134896028299,1.3433463990866363,0.6700134896028299,1.3433463990866363,0.18883894246820812,-0.43877337497972213,0.6818430434877202,0.0392192919541437,0.39263873327754556,0.0392192919541437,0.39263873327754556,0.558673538559589,0.5921466285748304,0.8187242610695951,0.6308347145846748,0.6420850979741636,0.6308347145846748,0.6420850979741636,0.18082633087622932,-0.500158908291223,0.6131306956458492,-0.3285451827210636,0.5426153101386572,-0.3285451827210636,0.5426153101386572,0.1855362239491197,174.28698943384916,171.36028811803456,138.22336205005143,84.92431974893496
0.76,3.01492,1,3.6069199999999997,0.6048660264932965,1.5190621236613502,0.6705216433145931,1.3431392327863056,0.6705216433145931,1.3431392327863056,0.1877751941924645,-0.44127592346230754,0.6768934703455763,0.040100356608641495,0.3810796207192005,0.040100356608641495,0.3810796207192005,0.5650035014455405,0.5954413242414445,0.812209464646245,0.6310333602986471,0.6420116740160499,0.6310333602986471,0.6420116740160499,0.17387950128205726,-0.49445397222392157,0.6762664726611064,-0.3290572161169057,0.5424437586887645,-0.3290572161169057,0.5424437586887645,0.2127548018392227,174.05406157096925,171.3719240586027,91.23733420007956,83.46082533560278
0.77,3.0403399999999996,1,3.63234,0.6069500656398903,1.5199534424762793,0.6708147484706533,1.3428733139845197,0.6708147484706533,1.3428733139845197,0.1882447067508992,-0.4378270602343799,0.6731371982690414,0.04060215636652938,0.37066698611212623,0.04060215636652938,0.37066698611212623,0.5660236254253077,0.5975376591004823,0.8140229787170556,0.6310168678314154,0.6419266036860454,0.6310168678314154,0.6419266036860454,0.17532261609975916,-0.4851894052352495,0.7357206062110975,-0.329931286332136,0.5425376451216751,-0.329931286332136,0.5425376451216751,0.24784014997697731,174.0540614306242,171.40283334554877,38.51051175885168,82.10791893482825
0.78,3.06576,1,3.6577599999999997,0.6116529225327084,1.5341966400985134,0.6713501811043983,1.3424430027991212,0.6713501811043983,1.3424430027991212,0.20083132250354288,-0.44247423990071116,0.6665860018220227,0.0398386451236039,0.36260519822739995,0.0398386451236039,0.36260519822739995,0.5701140657925489,0.6022541068309312,0.8292854740949397,0.6309195407737355,0.6416356595402211,0.6309195407737355,0.6416356595402211,0.18982665778427846,-0.5003269379457007,0.7595242594892762,-0.33269516126492993,0.5433522942855633,-0.33269516126492993,0.5433522942855633,0.2735520628567569,173.85619492031907,171.4664948946947,32.08884202849044,80.8346418376836
0.79,3.0911799999999996,1,3.68318,0.6127922477963295,1.5412466907577933,0.6720159625769326,1.3417570281481936,0.6720159625769326,1.3417570281481936,0.20809510777648316,-0.44720979355708446,0.6597735417195598,0.03759398428923884,0.356322920757693,0.03759398428923884,0.356322920757693,0.5719414151608622,0.6033959899671586,0.8347522549650099,0.6313610549610083,0.6412182499960751,0.6313610549610083,0.6412182499960751,0.19554400000875996,-0.5165337850471167,0.7743037299126148,-0.33802690242212263,0.5448601623505005,-0.33802690242212263,0.5448601623505005,0.290704416616129,173.77730414223743,171.44796126976362,30.104693232848323,79.5208067406597
0.8,3.1166,1,3.7085999999999997,0.6056277626088752,1.5305404706627126,0.6725337551304965,1.3409778467260904,0.6725337551304965,1.3409778467260904,0.2010233822943005,-0.4511448640844697,0.6527206279317987,0.03326918835026222,0.3525913027524006,0.03326918835026222,0.3525913027524006,0.5698548815522072,0.5962091935951139,0.8166221004601104,0.6317429389611423,0.6407851883672591,0.6317429389611423,0.6407851883672591,0.17939137859464394,-0.5321261909040883,0.7732691317745691,-0.3464587626430246,0.547140710670431,-0.3464587626430246,0.547140710670431,0.29258581091387126,173.97594239382366,171.42614002077667,31.548442901445167,78.1834004211764
0.81,3.1420199999999996,1,3.73402,0.6052345545653542,1.5290515013052999,0.6726409721549849,1.3402798443503807,0.6726409721549849,1.3402798443503807,0.20044541302253174,-0.45055622933530154,0.6408148655613517,0.02626215282242223,0.3522301181487699,0.02626215282242223,0.3522301181487699,0.557348119224146,0.5958078511376691,0.8126220356867832,0.6314444455131933,0.6404478356268632,0.6314444455131933,0.6404478356268632,0.17582355366946423,-0.5392476305715634,0.7787662919437832,-0.35848293342275017,0.5502533943158107,-0.35848293342275017,0.5502533943158107,0.2913657840543986,173.80561476877548,171.4850423281222,29.71214505050145,76.8419145965777
0.8200000000000001,3.16744,1,3.7594399999999997,0.6082451342519937,1.5316112828332256,0.6729632900307074,1.3396117000109378,0.6729632900307074,1.3396117000109378,0.2026136211890267,-0.44727999438767596,0.6260522690090703,0.014858744758546498,0.35756584644494827,0.014858744758546498,0.35756584644494827,0.5344690574027092,0.5988176844713148,0.815299750834975,0.6314389725339288,0.6401733630551422,0.6314389725339288,0.6401733630551422,0.17813871036828693,-0.5424276091854343,0.7868427792045417,-0.37615519237360606,0.5541321446258803,-0.37615519237360606,0.5541321446258803,0.2860083146316722,173.4635261544821,171.50834194797463,27.19434173233487,75.57623142214592
0.8300000000000001,3.1928599999999996,1,3.78486,0.6132288863059637,1.5182260457344856,0.6728401096185598,1.3390698859304353,0.6728401096185598,1.3390698859304353,0.18881320806701687,-0.4295030992587141,0.5965726237271837,0.000292307066815048,0.3661778964311677,0.000292307066815048,0.3661778964311677,0.4876533827057209,0.603813161168301,0.8085455779097664,0.6311551511290991,0.6400362076622432,0.6311551511290991,0.6400362076622432,0.17071318717730405,-0.5532334252690755,0.7743837889041308,-0.39722663947521697,0.558097693848514,-0.39722663947521697,0.558097693848514,0.26667919327937484,173.41812891842872,171.54043505440964,30.94099625122234,74.34096814642284
0.84,3.21828,1,3.8102799999999997,0.6159803041380645,1.5066610923898873,0.6727575423760924,1.3386891983987628,0.6727575423760924,1.3386891983987628,0.17730823994643727,-0.4143976177556944,0.5706445561418096,-0.01695650187469992,0.3770094629713884,-0.01695650187469992,0.3770094629713884,0.4421017868091553,0.6043682806008794,0.8048385796868607,0.6307646032982339,0.6400510102264235,0.6307646032982339,0.6400510102264235,0.16688831265436554,-0.5685554302299622,0.7650646668521861,-0.421303843967345,0.5618606359467596,-0.421303843967345,0.5618606359467596,0.2509480181891671,173.73130949641325,171.59228039511163,33.581988831304166,73.09134053900783
0.85,3.2436999999999996,1,3.8357,0.6152590358247522,1.4979278271105474,0.6729279967510072,1.3385091552364083,0.6729279967510072,1.3385091552364083,0.16952882349744644,-0.403447867503221,0.5502414294636819,-0.03660670981369402,0.3894235302572036,-0.03660670981369402,0.3894235302572036,0.4005431708070647,0.5980158469431829,0.8058718579277939,0.6303406941697083,0.6402408527014444,0.6303406941697083,0.6402408527014444,0.1687558166123741,-0.5909029542150349,0.7606300181277857,-0.44820924469857687,0.5651624775361985,-0.44820924469857687,0.5651624775361985,0.24201044225506285,174.61612111851034,171.66900546011792,35.23431577547097,71.80903096801373
0.86,3.26912,1,3.8611199999999997,0.6170963887534231,1.4963591855593363,0.6724418205154293,1.3386919279455005,0.6724418205154293,1.3386919279455005,0.1670990153782797,-0.38912654958139925,0.5340507014856126,-0.05919170192428669,0.40408129908943674,-0.05919170192428669,0.40408129908943674,0.3546111239904089,0.6027035307307181,0.8044632345327701,0.6295367613299708,0.6407382423519897,0.6295367613299708,0.6407382423519897,0.16590929850068462,-0.6242386934586169,0.7620205406576367,-0.47891324569036986,0.5673740201847638,-0.47891324569036986,0.5673740201847638,0.24291305790598833,173.830657730641,171.75450588067923,36.83068560298405,70.57294741675372
0.87,3.2945399999999996,1,3.88654,0.6194614739701445,1.4970318954278496,0.6721249768913249,1.3391182735028886,0.6721249768913249,1.3391182735028886,0.16646367930989847,-0.3760782655210108,0.5228519924558468,-0.08278487084615817,0.4210679651959296,-0.08278487084615817,0.4210679651959296,0.31045290071949155,0.6100756940615064,0.8031312513640659,0.6287914841178343,0.6414234809034531,0.6287914841178343,0.6414234809034531,0.16278723483361582,-0.66282821618392,0.7649410625540418,-0.5123562103741868,0.5680667551871411,-0.5123562103741868,0.5680667551871411,0.24779289221767697,172.65798538885468,171.84280220484126,37.831892559208114,69.5827059037082
0.88,3.31996,1,3.9119599999999997,0.6193522216147606,1.4967678689023376,0.6716439450686593,1.3397417861705205,0.6716439450686593,1.3397417861705205,0.16550412381532517,-0.3817365873923965,0.5399337274173086,-0.1067662474712623,0.4409290475582386,-0.1067662474712623,0.4409290475582386,0.2922509443446523,0.60996809704484,0.8087142553237839,0.6281265333413085,0.6422594240540455,0.6281265333413085,0.6422594240540455,0.1674423472774137,-0.714233161254586,0.7648061524485306,-0.5474014204301284,0.5671243459321446,-0.5474014204301284,0.5671243459321446,0.25867146416661596,172.77893892662718,171.9030126047354,40.24737229294648,68.98766675104132
0.89,3.3453799999999996,1,3.93738,0.6151433878198828,1.5018493525281296,0.6709541445054533,1.3405344029890196,0.6709541445054533,1.3405344029890196,0.17069667104727482,-0.386017067842433,0.565115632368437,-0.13056186497453784,0.46462444548547105,-0.13056186497453784,0.46462444548547105,0.27451018070997774,0.6030497912838082,0.8223878982402864,0.6274953703053489,0.6432227996763695,0.6274953703053489,0.6432227996763695,0.1808251057710638,-0.7642252990750195,0.7646315301311915,-0.5832936281734862,0.5644314196096897,-0.5832936281734862,0.5644314196096897,0.26984505514839857,173.52896893719438,171.9396886763952,43.021114579886884,68.9601721722
0.9,3.3708,1,3.9627999999999997,0.6063834968210049,1.5128650328133137,0.6704185693906916,1.34145228219262,0.6704185693906916,1.34145228219262,0.1829831183316023,-0.3887679689392736,0.5992897570203275,-0.1527413762908812,0.49534935238200634,-0.1527413762908812,0.49534935238200634,0.25789951561332586,0.5885707319305254,0.8450431801979128,0.6266625037139729,0.6442750724755625,0.6266625037139729,0.6442750724755625,0.20434973979923612,-0.8126490410216518,0.7644128222040446,-0.6186794503488429,0.5596925599158731,-0.6186794503488429,0.5596925599158731,0.2820187722424073,174.96674679530122,172.02374117789168,46.36157892048409,70.00530133853661
0.91,3.3962199999999996,1,3.98822,0.5999981050483889,1.5190480556713766,0.6695641400405877,1.3424599125197956,0.6695641400405877,1.3424599125197956,0.18979674793383342,-0.39389080219185496,0.652511210713781,-0.17317693399742157,0.5356761728900724,-0.17317693399742157,0.5356761728900724,0.24972992947705958,0.5812454841570638,0.8533300140293263,0.6260105477672899,0.6454057252346431,0.6260105477672899,0.6454057252346431,0.21268855350206883,-0.8347489200860457,0.7402997078372389,-0.6511397153634131,0.5531627862572134,-0.6511397153634131,0.5531627862572134,0.26216896741858337,175.52658947997108,172.05255024543024,54.454968575375936,72.52729915478156
0.92,3.42164,1,4.01364,0.59418482563431,1.5239775013581873,0.6687751587422118,1.3435542684475552,0.6687751587422118,1.3435542684475552,0.1952338617327229,-0.39731240248021843,0.7124268892634884,-0.19310021959239337,0.5847999721625524,-0.19310021959239337,0.5847999721625524,0.2408137155738844,0.5776748359971846,0.8572413310770094,0.6252437310595572,0.6465660934137526,0.6252437310595572,0.6465660934137526,0.21597883123566708,-0.8473065125467124,0.7154982892067405,-0.6805017866817432,0.5457991783782828,-0.6805017866817432,0.5457991783782828,0.23795294658158087,175.56805177485828,172.10869676222424,63.92347471476921,76.25330654262109
0.93,3.4470599999999996,1,4.03906,0.5887914541827702,1.5276856303305582,0.6681075187582456,1.344640746600456,0.6681075187582456,1.344640746600456,0.19949051997402686,-0.39180968581282954,0.7843649363915773,-0.2133228181833722,0.6434709667384455,-0.2133228181833722,0.6434709667384455,0.22739541024566232,0.5837190718287767,0.8548557585249031,0.6244887903636909,0.6476853627631917,0.6244887903636909,0.6476853627631917,0.21114389129094,-0.8420537278012639,0.7073106023724229,-0.7061302012985136,0.5384212293885662,-0.7061302012985136,0.5384212293885662,0.2167921247735354,174.19304860625095,172.1755430446429,74.03994765656718,81.13989770165468
0.9400000000000001,3.47248,1,4.06448,0.5911546999523019,1.532456305180096,0.667492892235908,1.3454903839371655,0.667492892235908,1.3454903839371655,0.20194993267477584,-0.3941320355887043,0.8703842760666466,-0.23516694640727115,0.7139630839363522,-0.23516694640727115,0.7139630839363522,0.22301903265399448,0.5879695514991744,0.850579730455793,0.6242122104881752,0.6486168063893535,0.6242122104881752,0.6486168063893535,0.2051890665412254,-0.8476547025871978,0.7100226696333884,-0.7265617114760502,0.5325161910224785,-0.7265617114760502,0.5325161910224785,0.2148768541399699,173.61590784369687,172.16852578971972,83.39459831244613,87.34704108343486
0.9500000000000001,3.4978999999999996,1,4.0899,0.5996991142990414,1.538073711923267,0.6667184949033559,1.3462606267429613,0.6667184949033559,1.3462606267429613,0.20318429324869866,-0.4026901004237495,0.9676248531106754,-0.26339286180908356,0.7911830275290725,-0.26339286180908356,0.7911830275290725,0.22480088634220266,0.5907906053125602,0.8447972178064481,0.6237180600508364,0.6493788631317502,0.6237180600508364,0.6493788631317502,0.19817303201825232,-0.8619049268394688,0.7214206389561462,-0.7416282526246947,0.5291577990828003,-0.7416282526246947,0.5291577990828003,0.22678509200635472,173.64752088162282,172.1880122135448,91.40112337059125,94.3614731182869
0.96,3.52332,1,4.11532,0.59190538019925,1.5395212231918252,0.6661098901755931,1.3466940611127105,0.6661098901755931,1.3466940611127105,0.20661225456471444,-0.4422721368962411,1.029645999532675,-0.2975025771112287,0.8676398193512308,-0.2975025771112287,0.8676398193512308,0.21726533975148649,0.5877745938924603,0.8355604077067013,0.6233043685260024,0.6498891109729411,0.6233043685260024,0.6498891109729411,0.18904019497531815,-0.8647842239404223,0.7032517721429051,-0.7525300321598092,0.52755290148138,-0.7525300321598092,0.52755290148138,0.20849723433190667,173.48367865802132,172.21069275725984,100.33320367165258,101.42264958510262
0.97,3.5487399999999996,1,4.14074,0.5842025940148092,1.5373294170739766,0.665666649773802,1.3468929723668526,0.665666649773802,1.3468929723668526,0.2071290222382991,-0.48774325407100166,1.0899507030573352,-0.33640437672222345,0.9408371015326191,-0.33640437672222345,0.9408371015326191,0.21245781218129012,0.5842025940148092,0.8307327252991729,0.6230305722704016,0.6501952807401429,0.6230305722704016,0.6501952807401429,0.1846655917688013,-0.8634144934067253,0.6839898588800323,-0.7588381419178566,0.5279154319014866,-0.7588381419178566,0.5279154319014866,0.18787080679925977,173.38041175413557,172.22459203814645,109.45537221800107,108.48140268162113
0.98,3.57416,1,4.16616,0.580551867164843,1.526672001882098,0.6653356452945836,1.3470495609203441,0.6653356452945836,1.3470495609203441,0.19862655998383463,-0.5412429663635382,1.1540296622175605,-0.37848986764046844,1.008345996235349,-0.37848986764046844,1.008345996235349,0.21843145761995428,0.580551867164843,0.8381481804719265,0.6229351693194304,0.6503833053774387,0.6229351693194304,0.6503833053774387,0.19248894155451024,-0.853679670931461,0.6687988571854175,-0.7598423011820109,0.5306356339948902,-0.7598423011820109,0.5306356339948902,0.16701655068851853,173.42653520091935,172.21602107029375,119.43953935471504,115.56999031346737
0.99,3.5995799999999996,1,4.19158,0.5756433194465317,1.5302515668670016,0.6650567748656439,1.3472151168481934,0.6650567748656439,1.3472151168481934,0.20370838972775085,-0.5715313295453139,1.2246284214274366,-0.4256246127518562,1.0667575770135922,-0.4256246127518562,1.0667575770135922,0.2149697037291221,0.5756433194465317,0.8445441631734778,0.6227659667677764,0.650711970406152,0.6227659667677764,0.650711970406152,0.1994779758358104,-0.8466001379370292,0.6706643979166614,-0.7557618010636799,0.5360527242902516,-0.7557618010636799,0.5360527242902516,0.1623942921485209,173.7245625528839,172.22196821811633,126.28547798504637,122.86545146694915
1.0,3.625,1,4.217,0.5700245700397336,1.5418697386320679,0.6649584776710395,1.347086365101911,0.6649584776710395,1.347086365101911,0.21668643109788388,-0.588713900204971,1.2989084464839835,-0.47539243959268446,1.119681204826116,-0.47539243959268446,1.119681204826116,0.21204753615071706,0.5700245700397336,0.8503645225182921,0.6226106671518765,0.6507603077845617,0.6226106671518765,0.6507603077845617,0.20641497074814333,-0.841019857435673,0.6821605510311575,-0.7482287949704646,0.5442187504026347,-0.7482287949704646,0.5442187504026347,0.16624717030392228,174.1605076884825,172.2410838606411,131.18592516570962,130.34726872233693
